#article,editor,auc(T/F)
36258669,12605825,1
36258669,21848,1
36258669,3214,1
36258669,27231,1
36258669,297406,1
36258669,528646,1
36258669,441000,1
36258669,93029,1
36258669,230355,1
36258669,816769,1
36258669,259121,1
36258669,2471791,1
36258669,92503,1
372801,116043,1
372801,288320,1
372801,13100,1
372801,51792,1
372801,210185,1
372801,535603,1
372801,1849335,1
372801,16949,1
3414021,5495,1
3414021,104070,1
2337812,7083161,1
2337812,282631,1
2337812,83577,1
2337812,791372,1
2337812,476781,1
2337812,39610,1
2337812,9075375,1
2337812,4457,1
2337812,131141,1
2337812,3625465,1
2337812,13087708,1
2337812,3025677,1
2337812,9072,1
2337812,6396,1
14439630,292012,1
14439630,1157978,1
14439630,210185,1
14439630,23771,1
14439630,1974704,1
14439630,535541,1
1001666,257524,1
1001666,115903,1
1001666,116816,1
1001666,49983,1
1001666,175775,1
1001666,85324,1
1001666,1208376,1
1001666,115210,1
1001666,74846,1
3434750,2976135,1
3434750,61847,1
3434750,52164,1
3434750,894404,1
3434750,65178,1
3434750,4750,1
3434750,90418,1
251212,1451,1
251212,151531,1
251212,169276,1
251212,8101,1
251212,62926,1
251212,34821,1
251212,33663,1
251212,3344911,1
3410343,4491683,1
3410343,81363,1
3410343,112775,1
3410343,403614,1
3410343,1346101,1
3410343,6363,1
3410343,1536050,1
3410343,811691,1
5043734,25515,1
5043734,18486,1
8835,116398,1
8835,437113,1
8835,1535794,1
8835,1536866,1
8835,1537291,1
8835,181925,1
8835,782222,1
8835,744616,1
8835,112463,1
8835,1448701,1
8835,115645,1
8835,14533,1
380021,1050689,1
380021,750852,1
380021,535316,1
380021,535603,1
380021,288320,1
380021,1367314,1
380021,13100,1
380021,51792,1
380021,116043,1
380021,1849335,1
380021,16949,1
303197,15634,1
303197,2702896,1
303197,16711,1
303197,972,1
303197,73677,1
14995351,23508,1
14995351,77402,1
14995351,6546,1
14995351,251800,1
14995351,81150,1
14995351,1599453,1
14995351,377001,1
1095706,268215,1
1095706,6418,1
1095706,1195,1
1095706,17385,1
1095706,15124,1
1095706,88778,1
1095706,31438,1
1095706,41011,1
1095706,6412,1
1095706,18365,1
8697957,116398,1
8697957,437113,1
8697957,1536866,1
8697957,112463,1
8697957,782222,1
8697957,1448701,1
8697957,5089,1
8697957,14533,1
8697957,115645,1
606848,17780,1
606848,17826,1
606848,2982,1
606848,117730,1
606848,160075,1
606848,104085,1
606848,369206,1
606848,31001,1
606848,199211,1
3784152,12912980,1
3784152,1269043,1
3784152,9429586,1
3784152,3327610,1
3784152,12469219,1
3784152,24611832,1
3784152,216639,1
2731583,165501,1
2731583,18371,1
2731583,65042,1
2731583,6233,1
534366,491097,1
534366,16913,1
534366,85415,1
534366,949,1
534366,51175,1
534366,32107,1
534366,1416090,1
32927,35710,1
32927,177464,1
32927,563926,1
32927,383,1
32927,87880,1
32927,84986,1
32927,25533,1
32927,65350,1
32927,326989,1
3382,576272,1
3382,5901,1
3382,574291,1
3382,576392,1
3382,576942,1
621216,74623,1
621216,12958,1
621216,60881,1
621216,6124,1
621216,6305,1
621216,629,1
621216,6952,1
621216,332,1
621216,7015,1
621216,12559,1
1449500,345105,1
1449500,387923,1
1449500,144616,1
1449500,74611,1
12032281,11599,1
12032281,692449,1
12032281,8743,1
12032281,89149,1
12032281,115670,1
12032281,9752,1
621396,12958,1
621396,74623,1
621396,60881,1
621396,6124,1
621396,629,1
621396,6305,1
621396,7015,1
621396,6952,1
621396,332,1
621396,12559,1
421853,15848,1
421853,1833017,1
421853,87405,1
421853,33062,1
421853,44630,1
421853,23109,1
345792,76027,1
345792,185430,1
345792,7082206,1
345792,94047,1
345792,403841,1
345792,477435,1
29812,89424,1
29812,283569,1
29812,894404,1
29812,66406,1
29812,32551,1
29812,18357,1
14533,29396,1
14533,77328,1
14533,82455,1
14533,33764,1
14533,92641,1
14533,270754,1
14533,53131,1
14533,7143,1
14533,92483,1
52547,175488,1
52547,230429,1
52547,801017,1
52547,531296,1
52547,16023,1
52547,210072,1
52547,531569,1
52547,439543,1
52547,68782,1
719861,12958,1
719861,74623,1
719861,6124,1
719861,60881,1
719861,6305,1
719861,629,1
719861,6952,1
719861,7015,1
719861,12559,1
719861,332,1
31717,99106,1
31717,90452,1
31717,103929,1
4478284,4915,1
4478284,8759271,1
4478284,2137051,1
4478284,35617,1
4478284,89974,1
4478284,19721,1
4478284,50080,1
42930508,8780,1
42930508,743972,1
42930508,10190927,1
42930508,16949,1
142056,112276,1
142056,993637,1
142056,149503,1
142056,377001,1
142056,33724,1
142056,147741,1
142056,400221,1
142056,378850,1
142056,123660,1
262376,44231,1
262376,44029,1
262376,44787,1
262376,44953,1
262376,43850,1
26413,46220,1
26413,2729590,1
26413,114274,1
26413,45161,1
26413,393482,1
26413,170320,1
26413,1286183,1
26413,148614,1
6299613,46644,1
6299613,136520,1
6299613,21615,1
6299613,26797,1
6299613,320641,1
6299613,156226,1
6299613,90273,1
6299613,91788,1
5042951,1935,1
5042951,6287,1
5042951,6765,1
5042951,42,1
5042951,545552,1
5042951,72304,1
5042951,391623,1
5042951,13014,1
5042951,17083,1
5042951,6528,1
24951,87405,1
24951,291093,1
24951,2330,1
24951,1802407,1
24951,70712,1
24951,33062,1
292279,53055,1
292279,164039,1
292279,8783,1
292279,2810832,1
292279,326161,1
292279,22869,1
68187,2708532,1
68187,168150,1
68187,46220,1
68187,114274,1
68187,3225826,1
68187,66202,1
68187,413943,1
68187,27047,1
719876,74623,1
719876,8622,1
719876,60881,1
719876,629,1
719876,6305,0
719876,332,1
719876,12559,1
719876,6952,1
719876,7015,1
311937,94047,1
311937,185430,1
1620586,655243,1
1620586,986055,1
1620586,104215,1
1620586,1216534,1
1620586,2579,1
191890,517846,1
191890,61132,1
191890,44304,1
191890,93081,1
18934,97427,1
18934,96988,1
18934,97287,1
18934,583066,1
18934,97282,1
18934,1066,1
18934,96742,1
18934,12843,1
12373394,527293,1
12373394,8743,1
12373394,89149,1
12373394,115670,1
12373394,9752,1
645042,1930,1
645042,1115151,1
645042,538914,1
645042,4915,1
645042,4516,1
645042,275761,1
645042,142629,1
645042,59494,1
9288,65042,1
9288,7994,1
9288,1600768,1
9288,15773,1
9288,525876,1
9288,32551,1
9288,894404,1
9288,784433,1
14305065,288320,1
14305065,51792,1
14305065,116043,1
14305065,13100,1
14305065,1849335,1
14305065,16949,1
6037917,311968,1
6037917,99720,1
6037917,1066,1
6037917,96742,1
6037917,97287,1
6037917,1051139,1
6037917,12843,1
6106572,115670,1
6106572,115903,1
6106572,13100,1
6106572,349455,1
6106572,56894,1
6106572,116308,1
6106572,1849335,1
6106572,16949,1
391371,272421,1
391371,100095,1
391371,17522,1
391371,230250,1
8952317,8385544,1
8952317,369083,1
8952317,86628,1
8952317,399318,1
62676,430551,1
62676,83577,1
62676,175775,1
62676,3025677,1
62676,44630,1
20855562,732505,1
20855562,21113,1
20855562,75555,1
20855562,47380,1
20855562,248995,1
20855562,54910,1
20855562,283733,1
20855562,780750,1
20855562,97829,1
20855562,26797,1
20855562,143594,1
20855562,415177,1
20855562,2309346,1
20855562,46644,1
20855562,2756515,1
20855562,59314,1
20855562,92615,1
20855562,5980917,1
20855562,3308740,1
20855562,35150,1
20855562,413329,1
92656,6908,1
92656,25541,1
92656,1512416,1
92656,164182,1
8242057,2072025,1
8242057,1832,1
8242057,73057,1
8242057,42508,1
8242057,36230,1
8718425,1210123,1
8718425,4959,1
8718425,5280,1
8718425,329088,1
8718425,398033,1
8718425,182660,1
8718425,3108,1
8718425,15124,1
8718425,211892,1
8718425,6407,1
8718425,846586,1
8718425,89446,1
8718425,227451,1
8718425,52435,1
29056,517941,1
29056,81363,1
29056,944989,1
29056,403614,1
3152703,218274,1
3152703,12632687,1
3152703,623330,1
3152703,23347,1
3152703,665111,1
3152703,39702,1
3152703,144616,1
147575,17252,1
147575,7400,1
147575,120463,1
147575,4033,1
147575,147464,1
147575,46798,1
1610197,1713206,1
1610197,17704,1
1610197,26390,1
1610197,134566,1
1610197,18259,1
1610197,305624,1
1610197,44630,1
17843985,437113,1
17843985,33590,1
17843985,210185,1
17843985,115002,1
17843985,535603,1
16454230,235684,1
16454230,547568,1
16454230,85368,1
16454230,743355,1
16454230,22067,1
16454230,133139,1
307,17973,1
307,18155,1
307,18093,1
307,17969,1
307,6412,1
307,9308,1
307,18070,1
3356,17470,1
173486,327004,1
173486,839073,1
173486,138094,1
173486,385496,1
173486,2447246,1
173486,595387,1
173486,122159,1
173486,1435,1
22989,111224,1
22989,1988,1
22989,778368,1
22989,32871,1
22989,28025,1
22989,11340,1
22989,146861,1
22989,465623,1
26494,27856,1
26494,31670,1
26494,2239874,1
26494,2455033,1
26494,949,1
26494,1978336,1
26494,32596,1
26494,528481,1
26494,512223,1
26494,528520,1
26494,246655,1
26494,21436,1
26494,528496,1
26494,87651,1
26494,101106,1
26494,479,1
26494,528476,1
156126,172980,1
156126,6995438,1
156126,60749,1
156126,369187,1
414848,402797,1
414848,591412,1
414848,44304,1
414848,576172,1
414848,576397,1
414848,6404,1
2387806,2931808,1
2387806,5138,1
2387806,36108,1
18787,52076,1
18787,361589,1
210892,15226,1
210892,5963169,1
210892,381655,1
210892,39390,1
5405,9141,1
5405,18365,1
5405,55542,1
5405,65178,1
5405,2560,1
5405,77382,1
13118744,26740,1
13118744,446384,1
13118744,966408,1
13118744,888441,1
13118744,1574,1
13118744,3357365,1
13118744,2482,1
13118744,5888,1
11054,46829,1
11054,121577,1
11054,1130,1
11054,26823,1
11054,165309,1
11054,192469,1
11054,2415,1
11054,93001,1
578152,94047,1
578152,568573,1
578152,44630,1
578152,476781,1
578152,185430,1
4460092,862581,1
4460092,3137440,1
4460092,18992,1
4460092,118556,1
4460092,11487,1
4460092,207632,1
4460092,6595756,1
471284,332,1
471284,56680,1
471284,489363,1
471284,2755381,1
471284,1190585,1
471284,7763558,1
471284,3392658,1
471284,15396327,1
471284,2811973,1
471284,2660,1
3383,579934,1
3383,580622,1
3383,93560,1
3383,348368,1
3383,64490,1
3383,83821,1
3383,18211,1
3383,87015,1
5207311,115852,1
5207311,548618,1
5207311,18202,1
5207311,164016,1
5207311,548609,1
5207311,1046292,1
5207311,5259,1
68769,8179,1
68769,357182,1
26678,450033,1
26678,17704,1
26678,327004,1
26678,18370,1
17771,2973,1
17771,157765,1
17771,81233,1
17771,90273,1
4689264,127841,1
4689264,55666,1
4689264,2129,1
4689264,11487,1
4689264,17425,1
4689264,3562,1
30035,181202,1
30035,2346585,1
30035,18259,1
30035,1847895,1
30035,134566,1
30035,4607855,1
379591,36348,1
379591,21702,1
379591,1033,1
379591,135641,1
10705678,6567,1
10705678,125639,1
10705678,243620,1
10705678,7624,1
10705678,83345,0
10705678,9475,1
10705678,4915,1
10705678,70103,1
10705678,31281,1
886286,24040,1
886286,1058208,1
886286,2785181,1
886286,14474472,1
886286,176364,1
886286,47362,1
886286,6661,1
886286,3346,1
886286,131055,1
886286,343537,1
886286,17711,1
886286,317711,1
9236,25006,1
9236,386107,1
9236,1103520,1
9236,22,1
9236,5019,1
9236,4391,1
100627,58786,1
100627,36230,1
100627,161430,1
4637590,561802,1
4637590,142912,1
4637590,43944,1
4637590,99060,1
13543,724820,1
13543,211796,1
13543,1115015,1
13543,2537,1
13543,109480,1
13543,118069,1
13543,92641,1
13543,29932,1
13543,82455,1
13543,58143,1
13543,908462,1
32611,30757,1
32611,4861483,1
32611,2756285,1
32611,104120,1
32611,93080,1
32611,550547,1
3267529,26549,1
3267529,18110,1
3267529,228132,1
3267529,24923,1
3267529,82988,1
3267529,490,1
3267529,212274,1
3267529,585506,1
3267529,212162,1
2941511,2016482,1
2941511,19749,1
2941511,235664,1
2941511,26823,1
2941511,10753,1
2941511,229480,1
2941511,25771,1
2941511,7349,1
2941511,518990,1
2941511,17832,1
2941511,5427,1
2941511,26606,1
2941511,18148,1
2034236,839042,1
2034236,18259,1
2034236,422075,1
2034236,437113,1
2034236,115670,1
2034236,4623,1
2034236,210185,1
1925533,62459,1
1925533,1719613,1
1925533,1203294,1
1925533,4651,1
1925533,227448,1
1925533,458420,1
1925533,407866,1
1925533,437591,1
1925533,71675,1
5122699,1482698,1
5122699,16692,1
5122699,51947,1
5122699,241464,1
5122699,14733,1
5122699,3764,1
5122699,280,1
5122699,324569,1
18482905,8569929,1
18482905,6529205,1
18482905,748981,1
18482905,1202380,1
18482905,4576886,1
18482905,62459,1
18482905,1202663,1
18482905,1203294,1
18482905,407866,1
59892,3068720,1
59892,314697,1
59892,4151756,1
59892,21855,1
59892,21816,1
59892,517846,1
59892,2223978,1
59892,18316,1
59892,72577,1
188564,166060,1
188564,566699,1
188564,27671,1
188564,586552,1
188564,786302,1
188564,784163,1
188564,862921,1
188564,165219,1
188564,22769,1
10396793,15492,1
10396793,1044,1
10396793,2659852,1
10396793,961754,1
10396793,18281,1
10396793,193194,1
10396793,18058,1
2893764,840211,1
2893764,3146910,1
2893764,839698,1
2893764,11867605,1
9287211,2672153,1
9287211,144294,1
9287211,10885981,1
9287211,28318,1
9287211,174109,1
9287211,22187,1
9287211,20522,1
11968,18212,1
11968,21674,1
11968,18070,1
11968,6412,1
11968,9308,1
25047006,24112,1
25047006,9072,1
25047006,679128,1
25047006,683872,1
25047006,1400595,1
25047006,9370,1
25047006,53679,1
25047006,501738,1
25047006,245527,1
25047006,35253,1
13869,398986,1
13869,8781,1
13869,20915,1
13869,529691,1
13869,21561,1
13869,164223,1
13869,90418,1
247468,369187,1
247468,476346,1
12317432,1744064,1
12317432,1123174,1
12317432,3777839,1
12317432,425996,1
12317432,123660,1
12317432,115670,1
776049,3119,1
776049,160561,1
776049,5179,1
776049,251175,1
776049,18151,1
776049,197800,1
776049,112162,1
32387701,17457,1
32387701,4943,1
32387701,623443,1
32387701,27679,1
32387701,8545,1
32387701,193567,1
32387701,439135,1
32387701,170904,1
15641,383,1
15641,479,1
15641,14682,1
15641,217,1
15641,336,1
15641,297518,1
15641,125939,1
12133230,17279,1
12133230,74788,1
12133230,115670,1
12133230,812282,1
621063,4932040,1
621063,136499,1
621063,151132,1
621063,6447102,1
11315,363720,1
11315,839155,1
11315,5495,1
11315,50314,1
37534,6357,1
37534,443402,1
37534,112848,1
37534,504227,1
37534,29396,1
37534,443890,1
37534,1533,1
37534,304241,1
2110323,735559,1
2110323,2166,1
2110323,5263474,1
2110323,399904,1
2110323,578330,1
2110323,95042,1
2110323,14767825,1
2110323,6404,1
2110323,577935,1
5416,732332,1
5416,31438,1
5416,371,1
5416,14682,1
5416,1130,1
5416,949,1
5416,995,1
5416,479,1
5416,420,1
7959,1232,1
7959,772246,1
7959,11851,1
7959,479,1
877926,1388284,1
877926,594672,1
877926,18408225,1
877926,7953092,1
877926,18408325,1
877926,90814,1
877926,7403930,1
877926,1309809,1
877926,13106548,1
877926,2068690,1
14532,98979,1
14532,30036,1
14532,101939,1
14532,102018,1
14532,29530,1
46417,1704803,1
46417,408022,1
46417,114274,1
46417,167578,1
719972,74623,1
719972,8622,1
719972,12559,1
719972,60881,1
719972,629,1
719972,332,1
719972,6305,1
719972,6952,1
719972,7015,1
11014515,27505,1
11014515,1089,1
11014515,7205,1
11014515,336,1
11014515,16520,1
12249252,1720936,1
12249252,1435,1
12249252,3777839,1
12249252,425996,1
12249252,115670,1
12249252,69814,1
18119,121802,1
18119,31719,1
18119,1464240,1
18119,2932859,1
18119,406488,1
18119,1705173,1
18119,7327,1
18119,114274,1
18119,58285,1
18119,280319,1
18119,440940,1
1077137,4368025,1
1077137,235684,1
1077137,3458199,1
1077137,344516,1
1077137,971290,1
1077137,149160,1
1077137,165475,1
1077137,971349,1
1077137,7420,1
1077137,90690,1
1077137,9298,1
5043192,568391,1
5043192,32107,1
5043192,566927,1
5043192,102013,1
4732861,2780678,1
4732861,12394,1
4732861,8740,1
4732861,8602167,1
4732861,304516,1
4732861,1399216,1
4732861,762884,1
4732861,395931,1
4732861,62459,1
89847,80094,1
89847,819365,1
89847,51870,1
22468,2113,1
22468,6601,1
39660,639650,1
39660,59588,1
39660,15775,1
39660,18371,1
39660,18297,1
15247542,235849,1
15247542,55694,1
15247542,683,1
15247542,102414,1
15247542,5387,1
15247542,6412,1
15247542,7749,1
15295,395217,1
15295,104510,1
15295,5019,1
15295,31595,1
15295,97391,1
15295,42,1
15295,103965,1
15295,6146,1
15295,239496,1
572605,4110967,1
572605,451694,1
572605,2009965,1
572605,116816,1
572605,327004,1
572605,260814,1
572605,634251,1
572605,451828,1
572605,116051,1
572605,451782,1
572605,175775,1
572605,487071,1
572605,74846,1
1725303,178784,1
1725303,108603,1
1725303,872630,1
1725303,3778905,1
1725303,485440,1
29922,3063,1
29922,18223,1
29922,6412,1
29922,9355,1
29922,18155,1
29922,9308,1
29922,18070,1
29922,18114,1
29922,2292,1
29922,18010,1
168455,10202864,1
168455,395931,1
168455,10201703,1
168455,4220365,1
168455,1046785,1
168455,8378627,1
36165,21597,1
36165,535198,1
36165,7766,1
36165,94789,1
259106,14742,1
259106,83345,1
259106,272421,1
259106,17522,1
259106,5825591,1
259106,230250,1
12330092,11864,1
12330092,578258,1
12330092,957077,1
12330092,829412,1
12330092,136499,1
12330092,2576293,1
22278,284219,1
22278,116902,1
22278,30534,1
22278,117079,1
22278,29194,1
22278,117015,1
296266,1007610,1
296266,18207,1
296266,548989,1
296266,878584,1
296266,67060,1
296266,21733,1
296266,4651,1
296266,191867,1
296266,112652,1
296266,1719197,1
296266,12161,1
296266,7237,1
296266,598511,1
296266,43655,1
296266,18202,1
8060,1360031,1
8060,7532,1
8060,2973,1
8060,225402,1
8060,104560,1
9316,7408,1
9316,46479,1
9316,46447,1
9316,292511,1
3966054,81351,1
3966054,75934,1
3966054,32596,1
3966054,225852,1
3966054,327018,1
3966054,79001,1
3966054,366095,1
18762503,149333,1
18762503,47095,1
18762503,98428,1
18762503,26644,1
18762503,39622,1
18762503,60503,1
18762503,4010359,1
18762503,616289,1
18762503,905434,1
18762503,2833336,1
18762503,612056,1
18762503,46644,1
18762503,369070,1
18762503,423409,1
18762503,403647,1
44789934,46565,1
44789934,90970,1
44789934,1424443,1
44789934,467866,1
44789934,8666,1
44789934,403843,1
44789934,297406,1
44789934,363022,1
44789934,816769,1
44789934,1883263,1
44789934,2471791,1
44789934,60749,1
44789934,21848,1
44789934,3114621,1
44789934,93029,1
44789934,230355,1
44789934,259121,1
44789934,92503,1
2289648,137443,1
2289648,51870,1
2289648,9952,1
2289648,135944,1
2289648,2500989,1
2289648,108861,1
157233,164329,1
157233,122173,1
157233,23923,1
157233,179638,1
24095,19238,1
24095,51,1
24095,284265,1
149225,22869,1
149225,52076,1
149225,202614,1
149225,819393,1
149225,371343,1
83688,129618,1
83688,21802,1
83688,6404,1
83688,77118,1
83688,1417318,1
83688,149911,1
83688,4673897,1
83688,2166,1
929809,132244,1
929809,517928,1
929809,42280,1
929809,858665,1
929809,23968,1
929809,100095,1
929809,532063,1
12824609,816011,1
12824609,21753029,1
12824609,816139,1
12824609,32956507,1
12824609,32956115,1
12824609,18441,1
12824609,816183,1
12824609,816016,1
12824609,2902572,1
12824609,37014,1
12824609,44953,1
12824609,44992,1
5058690,4750,1
5058690,90690,1
5058690,727,1
5058690,4516,1
5058690,9298,1
5042916,905050,1
5042916,77382,1
5042916,6412,1
5042916,14300,1
5042916,28220,1
5042916,11524,1
5042916,24925,1
8209,173032,1
8209,5259,1
8209,12161,1
8209,18202,1
8209,17923,1
8209,43655,1
26589,472675,1
26589,842604,1
26589,2299540,1
26589,65990,1
26589,28542,1
26589,327149,1
2592336,122159,1
2592336,812282,1
2592336,69814,1
2592336,115670,1
2592336,689781,1
2592336,1435,1
2592336,39702,1
921237,436032,1
921237,35778,1
921237,13458494,1
921237,210185,1
921237,4915,1
11091078,451828,1
11091078,116051,1
11091078,451694,1
11091078,4110967,1
11091078,50080,1
11091078,74846,1
11091078,451782,1
11091078,327004,1
11091078,175775,1
619009,138539,1
619009,39702,1
619009,116455,1
619009,463219,1
2150841,44890,1
2150841,1464327,1
2150841,5392100,1
2150841,58175,1
2150841,543726,1
2150841,400496,1
2150841,429470,1
2150841,129386,1
2150841,3074,1
5935,10702,1
5935,4943,1
5935,72129,1
5935,23160,1
5935,129988,1
5935,17457,1
5935,8545,1
5935,428285,1
5935,439135,1
5935,174874,1
5843419,106917,1
5843419,884162,1
5843419,1791708,1
38301,18152,1
38301,3095,1
38301,347429,1
38301,14682,1
38301,579108,1
38301,47594,1
38301,825846,1
38301,368441,1
38301,6079,1
38301,1597,1
4276475,23248,1
4276475,125311,1
4276475,164213,1
4276475,548618,1
4276475,23126,1
4276475,24361,1
4276475,253912,1
4276475,103808,1
52726,292653,1
52726,1574618,1
52726,73057,1
52726,136250,1
52726,17508,1
52726,164223,1
3454,2973,1
3454,603257,1
3454,77444,1
3454,603632,1
3454,603393,1
3454,341540,1
3454,600919,1
3454,33764,1
4335,327004,1
4335,141683,1
4335,87939,1
4335,74846,1
4335,213139,1
4335,46146,1
4335,103808,1
4335,91006,1
4335,164223,1
29265,94197,1
29265,94518,1
29265,476,1
29265,93636,1
29265,46853,1
29265,9998,1
29265,857140,1
29265,612804,1
29265,58260,1
29265,93001,1
29265,96666,1
29265,857614,1
29265,93599,1
15852,32107,1
15852,17923,1
15852,18357,1
15852,1441027,1
15852,32551,1
15852,66406,1
27977,13772,1
27977,84092,1
346200,56680,1
346200,476781,1
346200,61039,1
346200,185430,1
346200,180991,1
346200,44630,1
31752,18010,1
31752,18095,1
31752,9308,1
31752,15066,1
31752,18093,1
31752,18070,1
31752,4277,1
31752,18114,1
6678,7007,1
6678,512223,1
6678,4391,1
25445,98892,1
25445,72154,1
25445,117498,1
25445,17492,1
25445,129198,1
25445,93916,1
25445,69266,1
2445129,892568,1
2445129,2725669,1
2445129,115670,1
2445129,1365433,1
2445129,535603,1
2445129,34304,1
2445129,422075,1
2445129,437113,1
2445129,4623,1
8490390,50314,1
8490390,49024,1
8490390,2671856,1
8490390,23836,1
8490390,22187,1
8490390,3106951,1
8490390,588369,1
8490390,16258,1
49728,24545,1
49728,70103,1
49728,1563,1
49728,530473,1
49728,235664,1
5222,2973,1
5222,51521,1
5222,348982,1
5222,55753,1
5222,581265,1
360759,50080,1
360759,4915,1
360759,292012,1
360759,23771,1
360759,1974704,1
360759,535541,1
5488304,949,1
5488304,3127,1
5488304,1799343,1
5488304,1261938,1
5488304,17355,1
5488304,11969,1
1617333,3921950,1
1617333,12841740,1
1617333,4767281,1
1617333,23347,1
1617333,44630,1
1617333,70712,1
1617333,67709,1
1617333,116455,1
1617333,56201,1
18951905,3074,1
18951905,3384579,1
18951905,64864,1
18951905,28260,1
18951905,250651,1
18951905,6308072,1
18951905,581221,1
18951905,32708,1
35825,12822,1
35825,7766,1
35825,309851,1
35825,2081,1
35825,364810,1
35825,94789,1
35825,8371,1
35825,70294,1
35825,7420,1
35825,23508,1
17279743,1352637,1
17279743,21597,1
17279743,333770,1
17279743,29077,1
17279743,40968,1
5119376,11684,1
5119376,6412,1
5119376,16692,1
5119376,165501,1
5119376,18070,1
240940,413450,1
240940,1720,1
240940,2835,1
240940,19164,1
240940,2785246,1
240940,397643,1
240940,24640,1
240940,5114,1
240940,546742,1
240940,5949211,1
45246,804198,1
45246,627878,1
45246,1627254,1
45246,4537920,1
45246,627683,1
808402,7892905,1
808402,2793,1
808402,1287973,1
808402,1706732,1
808402,4308464,1
808402,27930,1
28480,591473,1
28480,33724,1
28480,2780988,1
28480,3136086,1
8135890,4448356,1
8135890,6179,1
8135890,20522,1
8135890,27702,1
8135890,118556,1
16095,44029,1
16095,52076,1
16095,812833,1
16095,2659152,1
16095,1800316,1
16095,21615,1
16095,292539,1
16095,18357,1
738,90806,1
738,29654,1
738,94317,1
720146,3021,1
720146,74623,1
720146,2246,1
720146,8622,1
720146,1995,1
720146,32339,1
720146,29060,1
720146,332,1
720146,6305,0
720146,12958,1
720146,12559,1
720146,6952,1
720146,7015,1
52780,148325,1
52780,568501,1
52780,45161,1
52780,69057,1
52780,101207,1
52780,18082,1
52780,55666,1
69713,7429677,1
69713,143564,1
69713,5563132,1
69713,103929,1
69713,3180,1
69713,21998,1
69713,2184041,1
69713,16817,1
69713,407904,1
69713,77941,1
69713,1118015,1
69713,406445,1
42068,659267,1
42068,813393,1
42068,2684535,1
42068,464182,1
42068,2988,1
42068,1453042,1
42068,2455185,1
7723686,2780845,1
7723686,568042,1
7723686,207063,1
7723686,61522,1
7723686,16949,1
7723686,18181,1
7723686,164016,1
7723686,251466,1
7723686,9958818,1
7723686,2805,1
7723686,5259,1
7723686,548609,1
1491364,2358493,1
1491364,801111,1
1491364,2805,1
1491364,27268,1
1491364,1157807,1
1491364,21318619,1
1491364,743355,1
1491364,22067,1
1491364,1028588,1
1491364,547568,1
26667,104615,1
26667,6356,1
26667,12479,1
26667,282641,1
26667,45999,1
26667,560890,1
26667,104883,1
1886892,9741203,1
1886892,3778065,1
1886892,13434,1
1886892,138382,1
1886892,65439,1
1886892,3243148,1
1886892,2836910,1
1886892,85690,1
8083,237601,1
8083,23109,1
8083,7945,1
8083,1367511,1
8083,919221,1
8083,986543,1
8083,2059,1
8083,1176917,1
1535727,917958,1
1535727,44304,1
1535727,576329,1
1535727,6404,1
26825,10834,1
26825,46224,1
26825,3095,1
26825,81351,1
26825,7510,1
26825,1791707,1
192481,326767,1
192481,2557811,1
192481,778,1
192481,566579,1
192481,54353,1
192481,36151,1
585896,117797,1
585896,3347172,1
585896,1849335,1
585896,16949,1
585896,535603,1
48874,6350,1
48874,2460,1
48874,618162,1
48874,1358,1
48874,50169,1
48874,896019,1
48874,28330,1
48874,1597,1
48874,4037,1
48874,53131,1
3071213,1796512,1
3071213,8217,1
3071213,577680,1
3071213,73066,1
3071213,73064,1
3071213,95042,1
3071213,735559,1
3071213,14767825,1
352699,333424,1
352699,334706,1
352699,333847,1
352699,325581,1
352699,11340,1
352699,334683,1
352699,33184,1
352699,333697,1
159172,32104,1
159172,621150,1
159172,479133,1
159172,52076,1
159172,737805,1
42010,121415,1
42010,66533,1
42010,13321,1
42010,813393,1
42010,48286,1
42010,659267,1
302808,6473246,1
302808,235515,1
302808,1309821,1
302808,3393,1
302808,8181485,1
302808,24331,1
302808,2181675,1
302808,32371,1
3306279,357029,1
3306279,13967295,1
3306279,7983387,1
3306279,517859,1
3306279,591215,1
3306279,73066,1
3306279,4673897,1
3306279,577691,1
3306279,149911,1
3306279,3137745,1
1369013,1317514,1
1369013,535634,1
1369013,4476794,1
1369013,115602,1
1369013,2079532,1
1369013,7673993,1
1369013,695648,1
1369013,1479179,1
1369013,12940,1
1369013,2079475,1
1369013,116455,1
3512033,272421,1
3512033,17522,1
3512033,230250,1
14724189,1402155,1
14724189,578399,1
14724189,24115,1
14724189,748888,1
14724189,71675,1
660333,956061,1
660333,1422735,1
660333,16949,1
660333,535603,1
660333,17071542,1
660333,50080,1
660333,56894,1
660333,116308,1
660333,1794,1
21148,616439,1
21148,46678,1
21148,129555,1
21148,2973,1
21148,82939,1
52371,1185,1
52371,120437,1
52371,23441,1
52371,72577,1
52371,636631,1
52371,22945,1
52371,3127,1
52371,103808,1
3284182,10071,1
3284182,167657,1
3284182,1307725,1
3284182,272421,1
3284182,235259,1
3284182,29617,1
3284182,87060,1
3284182,18181,1
3225498,78737,1
3225498,186418,1
3225498,2785,1
3225498,25715,1
3225498,3103,1
3225498,2711,1
3225498,2498,1
3225498,186863,1
3225498,135,1
3225498,2860,1
3225498,420,1
3225498,1996,1
3225498,478,1
184474,3510301,1
184474,66399,1
184474,40398,1
184474,114274,1
16175,21802,1
16175,9532,1
16175,400621,1
16175,82047,1
582488,1496716,1
582488,51742,1
582488,122173,1
582488,74343,1
582488,407233,1
582488,348707,1
582488,4832042,1
19285924,266834,1
19285924,3180,1
19285924,81003,1
19285924,5476,1
19285924,8767,1
19285924,66769,1
6097297,112535,1
6097297,1469,1
6097297,93916,1
6097297,14710,1
6097297,87605,1
6097297,74609,1
6097297,38934,1
6097297,2564,1
76972,8783,1
76972,5963,1
76972,39613,1
76972,189852,1
76972,18308,1
17391,46238,1
17391,29862,1
17391,21088,1
17391,93001,1
17391,515915,1
17391,515731,1
17391,515726,1
17391,29461,1
17391,7517,1
17391,42599,1
17391,2537,1
779883,839264,1
779883,230250,1
3747,17704,1
3747,7182,1
8687,17807,1
8687,366035,1
8687,9120,1
8687,259112,1
8687,16673,1
21197,149406,1
21197,3432,1
21197,134566,1
21197,1979935,1
232190,288320,1
232190,39594,1
232190,117797,1
232190,51792,1
232190,210185,1
232190,535603,1
232190,16949,1
67147,530634,1
67147,1015847,1
67147,45947,1
67147,983756,1
67147,799,1
67147,14133,1
67147,3652087,1
67147,31651,1
67147,337227,1
67147,112311,1
3898419,151135,1
3898419,39702,1
3898419,89787,1
3898419,2641,1
3898419,5188409,1
3898419,1472882,1
3898419,1663,1
29810,5079,1
29810,2296,1
29810,19749,1
29810,9443,1
29810,77363,1
21212,9308,1
21212,17469,1
21212,33260,1
21212,165501,1
21212,6233,1
21212,93001,1
28715,1268486,1
28715,82925,1
28715,68380,1
1656784,60749,1
1656784,44630,1
1656784,115505,1
1656784,476781,1
1656784,5142,1
29490,4915,1
29490,21919,1
29490,14682,1
1181487,1198251,1
1181487,112552,1
1181487,279756,1
1181487,798767,1
1181487,139753,1
1181487,1663,1
26847,2415,1
26847,14682,1
26847,732332,1
26847,271,1
26847,6350,1
26847,1130,1
26847,93001,1
26847,2604,1
26847,995,1
26847,2454,1
26847,920598,1
26847,1358,1
26847,2498,1
623737,280702,1
623737,84269,1
623737,10736,1
623737,1496799,1
623737,58175,1
623737,441436,1
623737,179638,1
623737,3923893,1
11217925,22187,1
11217925,4283486,1
11217925,4750,1
11217925,993922,1
11217925,6404,1
1025920,2140479,1
1025920,7893145,1
1025920,406757,1
1025920,7359158,1
1025920,2793,1
1025920,4121775,1
1025920,2924840,1
1025920,3056064,1
38252,3892261,1
38252,337667,1
38252,164223,1
38252,32122,1
38252,3375080,1
38252,784593,1
38252,1133624,1
38252,73057,1
19666611,348227,1
19666611,92606,1
19666611,18352,1
19666611,84986,1
19666611,92457,1
19666611,1878243,1
19666611,83613,1
27318,71730,1
27318,45894,1
27318,343250,1
27318,413429,1
27318,3340043,1
27318,56364,1
27318,30132,1
27318,15567,1
27318,1271507,1
6040376,39702,1
6040376,115670,1
6040376,18413,1
6040376,1435,1
6040376,480066,1
4077399,840758,1
4077399,14533,1
4077399,8780,1
4077399,396099,1
4077399,10190927,1
4077399,16949,1
64072,26024,1
64072,53055,1
64072,40040,1
64072,22869,1
5042481,949,1
5042481,39250,1
5042481,636,1
5042481,368441,1
5042481,22663,1
5042481,405140,1
5042481,825846,1
21241,46479,1
32770618,71956,1
32770618,63629,1
32770618,14533,1
32770618,63626,1
5593,111224,1
5593,111872,1
5593,8909,1
5593,114093,1
5593,29654,1
5593,75851,1
5593,6395,1
342825,2542899,1
342825,31281,1
342825,476781,1
342825,430551,1
342825,326967,1
342825,568573,1
342825,3025677,1
342825,44630,1
342825,175775,1
32897,11956,1
32897,1021857,1
32897,344064,1
32897,295637,1
32897,111223,1
32897,12442,1
32897,4445,1
32897,235894,1
21255,169043,1
21255,95185,1
21255,522922,1
21255,2560,1
21255,30095,1
6479315,83781,1
6479315,22187,1
6479315,1479505,1
6479315,6404,1
64646,151,1
64646,86007,1
64646,334651,1
64646,4861,1
64646,905344,1
64646,165015,1
64646,28220,1
64646,29732,1
64646,399981,1
64646,906607,1
64646,193370,1
17909,1969867,1
17909,8806,1
17909,52076,1
17909,39697,1
17909,21561,1
17909,130588,1
17909,41844,1
1291598,147890,1
1291598,377001,1
1291598,578408,1
1291598,197307,1
1291598,147683,1
1291598,148902,1
2137845,67086,1
2137845,735,1
2137845,48893,1
2137845,1405766,1
2137845,1849335,1
2137845,699121,1
2137845,13100,1
2137845,210185,1
2137845,16949,1
2137845,126821,1
345802,5249,1
345802,76027,1
345802,94047,1
345802,120398,1
345802,144656,1
345802,53687,1
345802,151135,1
2300721,20890,1
2300721,60677,1
2300721,26409,1
2300721,468685,1
2300721,35837,1
19499,574538,1
19499,75317,1
19499,578012,1
19499,77118,1
19499,576905,1
19499,28318,1
6886,366035,1
6886,66400,1
6886,2134,1
6886,366698,1
6886,18093,1
6886,78436,1
2337719,476781,1
2337719,11975932,1
2337719,3025677,1
2337719,131141,1
2337719,327228,1
2337719,185430,1
2337719,791372,1
2337719,476866,1
2337719,13087708,1
2337719,180991,1
2337719,6396,1
5211,69882,1
5211,15775,1
5211,9298,1
5211,19172,1
5211,260729,1
5211,18371,1
9282173,15124,1
9282173,415163,1
9282173,6117,1
9282173,28883,1
9282173,40212,1
9282173,4585,1
2655089,138193,1
2655089,327004,1
2655089,485440,1
2655089,14698,1
2655089,395943,1
2655089,1177307,1
2655089,839396,1
2655089,27587,1
2655089,69038,1
980836,177449,1
980836,8664,1
980836,45183,1
980836,44850,1
980836,44575,1
980836,13321,1
18646,2996325,1
18646,2998666,1
18646,472675,1
18646,387923,1
737,91935,1
737,93031,1
737,92779,1
737,91700,1
737,92598,1
737,91698,1
737,91859,1
737,91426,1
28249265,50197,1
28249265,3239423,1
28249265,1761526,1
28249265,82372,1
28249265,2521463,1
28249265,550275,1
28249265,295575,1
28249265,872253,1
246185,710229,1
246185,546742,1
246185,22862,1
246185,19164,1
246185,397643,1
246185,1997142,1
246185,83741,1
246185,90695,1
246185,276908,1
772173,13321,1
772173,72635,1
772173,11463,1
772173,8664,1
772173,43850,1
765,15775,1
765,1195,1
765,102776,1
765,18371,1
765,103084,1
765,3108,1
765,63468,1
765,18148,1
765,777,1
765,2579,1
765,102539,1
765,102593,1
765,26327,1
232863,299792,1
232863,108603,1
232863,14698,1
13404,12192,1
13404,11463,1
13404,568387,1
13404,76659,1
13404,67923,1
13404,238160,1
13404,238165,1
13404,786003,1
13404,77384,1
13404,62051,1
182000,151,1
182000,5492,1
564301,7905616,1
564301,24115,1
564301,45735,1
564301,114274,1
564301,407713,1
564301,1707828,1
564301,174997,1
564301,21847,1
14229,72588,1
14229,6203,1
14229,192122,1
14229,1646,1
14229,108668,1
14229,17814,1
14229,5200,1
14229,535,1
14229,10021,1
14229,143235,1
14229,336998,1
14229,19716,1
14229,183218,1
14229,5019,1
14229,4391,1
740107,13100,1
740107,1849335,1
740107,16949,1
740107,535603,1
2872825,21537,1
2872825,1247,1
2872825,148459,1
2872825,5921,1
2872825,259558,1
2872825,8423,1
2872825,34458,1
2872825,18176,1
301775,112314,1
301775,76027,1
301775,61039,1
301775,185430,1
301775,83577,1
301775,476061,1
17157886,21594,1
17157886,73677,1
17157886,35218,1
17157886,77363,1
931216,243709,1
931216,292653,1
215566,22187,1
215566,532896,1
215566,7983111,1
574076,3500792,1
574076,84269,1
574076,10368245,1
574076,127703,1
574076,430262,1
574076,46984,1
574076,8645626,1
23041,131214,1
23041,950817,1
23041,2977278,1
23041,1955116,1
23041,234716,1
23041,83217,1
23041,260814,1
23041,4336,1
25613,118159,1
25613,1943,1
25613,2415,1
4913064,180,1
4913064,138752,1
4913064,56588,1
4913064,609,1
4913064,33265,1
424778,369187,1
424778,175775,1
5058739,1986615,1
5058739,82681,1
5058739,16884,1
5058739,71791,1
2190438,9532,1
2190438,577393,1
2190438,6179,1
2190438,85297,1
2190438,144294,1
2190438,17671518,1
2190438,4551,1
2190438,16611,1
2190438,20522,1
2190438,590601,1
2190438,22187,1
2190438,1363528,1
2190438,7412906,1
630463,185430,1
630463,44630,1
630463,23905,1
630463,6396,1
630463,22869,1
630463,175775,1
164910,2902887,1
164910,44533,1
164910,18441,1
164910,8664,1
164910,43850,1
17782843,149842,1
17782843,399904,1
17782843,2782692,1
17782843,18001,1
17782843,4551,1
17782843,6404,1
17782843,2672153,1
17782843,112276,1
17782843,6500,1
17782843,377001,1
17782843,400221,1
13187026,548609,1
13187026,84752,1
13187026,6661,1
13187026,118556,1
13187026,7050861,1
13187026,3778905,1
3337980,1176462,1
3337980,2535468,1
3337980,29077,1
3337980,396099,1
3337980,1103295,1
3337980,594672,1
13774,367699,1
13774,19749,1
13774,139314,1
13774,52159,1
13774,4915,1
13774,31958,1
13774,9443,1
1439517,7836013,1
1439517,5814800,1
1439517,44029,1
1439517,44953,1
1439517,44787,1
1439517,816029,1
1439517,8664,1
1439517,43850,1
19379,92483,1
19379,9308,1
19379,133307,1
19379,58850,1
19379,615,1
19379,57399,1
6341469,7217,1
6341469,304883,1
6341469,464141,1
6341469,275391,1
6341469,935611,1
6341469,488065,1
6341469,7353,1
6341469,183304,1
6341469,1555298,1
6341469,3095,1
6341469,305087,1
6341469,3127,1
702579,6179,1
702579,144294,1
702579,84752,1
149286,291180,1
149286,1706732,1
149286,407668,1
727836,160561,1
727836,272421,1
727836,17522,1
727836,230250,1
727836,112162,1
31056,4744663,1
31056,27382,1
31056,92533,1
31056,1807671,1
31341,310456,1
31341,778,1
31341,63468,1
31341,74846,1
31341,636489,1
286369,24545,1
286369,3828044,1
286369,362173,1
286369,294712,1
286369,16692,1
286369,6412,1
286369,14872,1
286369,14733,1
286369,1252585,1
286369,275792,1
18836,2098,1
18836,33345,1
18836,8767,1
18836,6999,1
18836,13942,1
18836,35597,1
18836,56857,1
11250,387100,1
11250,2003,1
11250,323572,1
11250,30100,1
11250,128297,1
11250,10100,1
11250,179638,1
19318,18794,1
19318,895956,1
19318,21591,1
19318,120411,1
3301347,4018,1
12153654,111675,1
12153654,127841,1
12153654,45871,1
12153654,140999,1
12153654,86243,1
12153654,6357,1
228211,2204,1
228211,39659,1
228211,25040,1
68198,1902845,1
68198,90452,1
68198,114274,1
68198,30575,1
68198,220499,1
68198,172615,1
68198,4651,1
17414699,124974,1
17414699,70011,1
17414699,2198673,1
17414699,124263,1
17414699,124207,1
17414699,83428,1
6654,1057371,1
6654,22097,1
6654,27326,1
6654,387923,1
6654,125276,1
12284930,1123174,1
12284930,812282,1
12284930,425996,1
12284930,115670,1
205522,566541,1
205522,112580,1
205522,151291,1
205522,115918,1
205522,233522,1
205522,102872,1
205522,491097,1
205522,7358,1
205522,39355,1
205522,15088,1
205522,109212,1
205522,4944,1
621119,99103,1
621119,6305,0
621119,6952,1
621119,74623,1
621119,60881,1
621119,6576,1
621119,629,1
621119,6124,1
621119,44498,1
621119,332,1
621119,7015,1
621119,14450,1
621119,12559,1
22015,33663,1
22015,51940,1
22015,10112,1
22015,50080,1
19848420,327081,1
19848420,2629788,1
19848420,233977,1
19848420,12462894,1
19848420,24703876,1
19848420,262603,1
19848420,27931,1
19848420,238927,1
19848420,221723,1
19848420,2635984,1
187749,2973,1
187749,29831,1
187749,33821,1
187749,28214,1
187749,125613,1
187749,18794,1
231475,1206,1
231475,1034328,1
231475,280234,1
231475,3305290,1
77880,280702,1
77880,58175,1
77880,2003,1
77880,7768967,1
77880,16817,1
9313589,144294,1
9313589,578017,1
9313589,118556,1
9313589,11487,1
154549,22368,1
154549,40968,1
154549,233612,1
154549,485440,1
154549,178784,1
2426650,535634,1
2426650,4915,1
2426650,18230667,1
2426650,14225787,1
2426650,491065,1
2426650,24262688,1
2426650,24262179,1
2426650,21503613,1
2426650,23386860,1
2426650,295522,1
2426650,535402,1
2426650,210185,1
2426650,35778,1
9228,5259,1
9228,6287,1
9228,6695,1
5042706,357528,1
5042706,182,1
5042706,357633,1
5042706,434734,1
5042706,14679,1
5042706,57399,1
306325,61039,1
306325,185430,1
306325,369187,1
306325,76027,1
306325,94047,1
306325,53687,1
8569916,47377,1
8569916,30916,1
8569916,392049,1
8569916,27810,1
8569916,8066,1
8569916,32596,1
29798,2476947,1
29798,110276,1
29798,295630,1
29798,124983,1
29798,69585,1
29798,305087,1
29798,53170,1
856,17567,1
856,80094,1
2174,114274,1
2174,407317,1
2174,21764,1
853212,15506,1
853212,3486482,1
853212,1113510,1
853212,112543,1
853212,343891,1
853212,1908,1
1097993,6404,1
1097993,16898,1
1097993,19262,1
1097993,21928,1
1097993,735,1
1097993,83345,0
1097993,11971,1
1097993,51870,1
1097993,176531,1
1097993,73677,1
19189,2397768,1
19189,92641,1
19189,25670,1
19189,24300,1
19189,29396,1
19189,644719,1
19189,7143,1
13855,191519,1
13855,29732,1
13855,190820,1
13855,275792,1
187586,839042,1
187586,97443,1
187586,568704,1
11983070,23508,1
11983070,2835,1
11983070,463308,1
11983070,2204,1
68253,77563,1
68253,1167181,1
68253,532436,1
68253,65607,1
68253,7438,1
68253,28447,1
68253,1159,1
68253,30463,1
68253,1174,1
68253,46598,1
68253,576,1
68253,45441,1
68253,28102,1
68253,30132,1
31509,138432,1
31509,1136343,1
31509,634251,1
31509,74846,1
31509,18297,1
31509,141683,1
31509,476415,1
31509,29132,1
31509,548618,1
31509,946757,1
10577,99068,1
10577,55697,1
10577,1622338,1
10577,63210,1
10577,2661,1
10577,55517,1
8841749,390237,1
8841749,172231,1
8841749,51870,1
8841749,204550,1
8841749,17567,1
8841749,80094,1
9087364,91003,1
9087364,157765,1
9087364,93200,1
9087364,93203,1
9087364,320153,1
9087364,422484,1
9087364,107011,1
9087364,21549,1
9087364,334789,1
4349459,33776,1
4349459,322660,1
4349459,31019,1
4349459,119671,1
4349459,445084,1
4349459,44751,1
4349459,53131,1
3415,30132,1
3415,134918,1
3415,217025,1
3415,93544,1
3415,30046,1
3415,70056,1
3415,95185,1
16100029,18441,1
16100029,43850,1
16100029,44029,1
16100029,45065,1
16100029,543231,1
16100029,83225,1
27936,164208,1
27936,72031,1
27936,141683,1
27936,158098,1
27936,103808,1
27936,164004,1
27936,29132,1
5489,490082,1
5489,186697,1
5489,46542,1
5489,6493,1
5489,424072,1
5489,21919,1
5489,23173,1
18110,9443,1
18110,4944,1
18110,3764,1
18110,914,1
18110,17807,1
18110,164975,1
18110,7353,1
21231,13772,1
21231,12950,1
21231,821514,1
21231,70101,1
21231,164223,1
21231,161430,1
23037,21561,1
23037,36230,1
23037,39902,1
23037,164223,1
23037,2415,1
23037,894404,1
23037,8781,1
23037,90418,1
32817,6350,1
32817,46238,1
32817,72448,1
32817,25840,1
32817,26644,1
32817,18148,1
32817,1392558,1
32817,297360,1
32817,160067,1
32817,37818,1
13623554,39902,1
13623554,825846,1
13623554,22663,1
13623554,211892,1
13623554,6079,1
13623554,18152,1
13623554,771670,1
165507,10073795,1
165507,77556,1
165507,828017,1
165507,2166,1
165507,137543,1
165507,11026,1
32070,2589,1
32070,16928,1
32070,9308,1
220160,114274,1
220160,16880,1
13763276,69814,1
13763276,18413,1
13763276,101207,1
13763276,727058,1
13763276,115670,1
13763276,1435,1
13763276,31281,1
13763276,122159,1
13763276,689781,1
45324,17923,1
45324,272421,1
45324,203254,1
45324,230250,1
45324,17522,1
91155,260231,1
91155,35079,1
91155,114274,1
91155,406470,1
91155,227425,1
11659694,146998,1
11659694,21365854,1
11659694,11415226,1
11659694,3812642,1
11659694,16692,1
11659694,47270,1
11659694,431285,1
11659694,29740,1
11659694,5203110,1
11659694,232509,1
11659694,330101,1
11659694,8568,1
11659694,24035,1
11659694,819598,1
11659694,364810,1
11659694,184661,1
11659694,7062689,1
1170565,65128,1
1170565,99856,1
7765099,115918,1
7765099,97283,1
7765099,47499,1
7765099,186541,1
7765099,1324437,1
7765099,90045,1
7529378,9475,1
7529378,1321203,1
7529378,17704,1
11983273,177524,1
11983273,15338324,1
11983273,96742,1
11983273,151868,1
11983273,333847,1
11983273,13012448,1
11983273,22187,1
11983273,334706,1
11983273,333697,1
4099353,221723,1
4099353,207632,1
4099353,1919609,1
4099353,2672183,1
4429395,15282,1
4429395,919221,1
4429395,3010144,1
23440,71591,1
23440,3736398,1
23440,3736251,1
23440,30743,1
23440,9024,1
23440,189439,1
23440,2398111,1
23440,3735842,1
23440,75555,1
23440,178699,1
497525,60677,1
497525,431790,1
497525,18082,1
497525,165219,1
497525,341833,1
57802,405749,1
57802,407335,1
57802,820726,1
57802,2035030,1
57802,2198014,1
57802,114274,1
57802,1276791,1
11867,90677,1
11867,23155,1
11867,207349,1
11867,68523,1
11867,1607213,1
11867,565309,1
11867,24505,1
11867,341140,1
11867,83483,1
11867,127733,1
11995813,115903,1
11995813,7431,1
11995813,3495573,1
11995813,349455,1
11995813,13100,1
11995813,116308,1
11995813,1849335,1
11995813,56894,1
11995813,16949,1
14653,98332,1
14653,465497,1
14653,55406,1
14653,724893,1
14653,412272,1
14653,1106677,1
14653,18848,1
14653,611878,1
14653,1685527,1
14653,194364,1
937472,3325672,1
937472,2173248,1
937472,29077,1
937472,2173165,1
937472,16949,1
937472,175853,1
17867,326989,1
17867,1248285,1
17867,121458,1
17867,98611,1
17867,5138,1
12,1393,1
12,1878,1
12,1615,1
12,877,1
12,158,1
12,163,1
12,1130,1
12,1470,1
12,371,1
12,995,1
12,1777,1
12,2498,1
12,557,1
12,420,1
1342873,56790,1
1342873,8403,1
1342873,334651,1
42142305,448144,1
42142305,66769,1
42142305,6448,1
42142305,1581493,1
42142305,57124,1
42142305,84952,1
42142305,291213,1
42142305,66921,1
42142305,587859,1
42142305,92503,1
42142305,11463,1
20455,16053,1
20455,19164,1
20455,18281,1
20455,5114,1
20455,387923,1
20455,150926,1
20455,24640,1
20455,16880,1
20455,18097,1
211583,5963,1
211583,491435,1
211583,146770,1
211583,508369,1
211583,20936,1
166202,1211194,1
166202,512223,1
166202,75333,1
166202,825936,1
166202,402677,1
166202,2415,1
166202,277553,1
166202,692420,1
166202,356359,1
166202,6493,1
438022,149406,1
438022,56201,1
438022,33062,1
438022,42233,1
438022,116455,1
42173,1898724,1
42173,1872399,1
42173,141105,1
42173,491480,1
42173,1285335,1
42173,256985,1
42173,114274,1
42173,10100,1
42173,994306,1
20595373,254865,1
20595373,1533939,1
20595373,10400163,1
20595373,10400182,1
20595373,112640,1
332400,1536050,1
332400,863294,1
332400,81363,1
332400,811691,1
332400,69899,1
332400,4491683,1
332400,7329,1
332400,403614,1
609825,1707438,1
609825,1706732,1
609825,890890,1
609825,6924461,1
609825,1707463,1
2898752,1352637,1
2898752,2163419,1
2898752,1346101,1
2898752,944989,1
2898752,4491683,1
2898752,112775,1
32851,383,1
32851,453,1
32591,22004,1
32591,5798,1
32591,59371,1
32591,211796,1
32591,20398,1
32591,36348,1
32591,615,1
32591,3127,1
32374,77637,1
32374,2973,1
32374,47871,1
32374,53131,1
32374,28330,1
884607,567111,1
884607,1917017,1
884607,9546846,1
884607,2517457,1
884607,326967,1
13425800,5046409,1
13425800,348536,1
13425800,403838,1
13425800,193881,1
27862,200967,1
27862,3562,1
27862,127841,1
27862,51079,1
27862,55666,1
27862,11487,1
27862,200254,1
34071,77118,1
34071,957365,1
34071,576384,1
34071,577316,1
34071,3127,1
34071,403796,1
34071,5095718,1
34071,366698,1
13275,313465,1
13275,2199837,1
13275,84347,1
13275,123683,1
13275,77379,1
13275,383421,1
13275,125606,1
13275,313487,1
13275,20823,1
39027,137154,1
39027,722199,1
39027,477791,1
39027,326079,1
863,15066,1
863,16646,1
863,18201,1
863,6412,1
863,9308,1
863,17832,1
454401,2106865,1
454401,1282992,1
454401,6396,1
454401,138820,1
454401,1905237,1
454401,476866,1
454401,39121,1
454401,180991,1
454401,185430,1
454401,44630,1
7515928,2973,1
7515928,268580,1
7515928,29549,1
249623,514,1
249623,25541,1
249623,164182,1
249623,116829,1
249623,1887504,1
249623,55025,1
249623,90831,1
16772,169043,1
16772,82925,1
16772,6233,1
16772,134863,1
16772,1351,1
16772,824599,1
16043,312318,1
16043,5963,1
16043,15124,1
16043,33241,1
16043,46644,1
16043,40212,1
16043,68523,1
16043,518990,1
16043,28883,1
16043,4585,1
16043,17775,1
613534,28563,1
613534,411367,1
613534,33184,1
613534,16701164,1
613534,2726,1
613534,35185,1
613534,177524,1
613534,334651,1
10682197,1401753,1
10682197,15487880,1
10682197,9361653,1
10682197,325869,1
10682197,1718481,1
10682197,1007610,1
19568112,2464,1
19568112,53703,1
19568112,546663,1
19568112,56856,1
879605,10385204,1
879605,7239790,1
879605,29833,1
879605,17801,1
879605,2022031,1
16707,164223,1
16707,12950,1
16707,2593,1
16707,161430,1
36164,77665,1
36164,4585,1
13373,2973,1
13373,6079,1
13373,985782,1
13373,10881,1
13373,30990,1
1778716,3127,1
1778716,16611,1
990655,21577,1
990655,8204048,1
990655,4970189,1
990655,19106529,1
990655,441579,1
990655,225135,1
990655,8203979,1
990655,284946,1
990655,287207,1
990655,2027611,1
9358672,1261484,1
9358672,48893,1
9358672,14533,1
9358672,50080,1
9358672,568458,1
9358672,17560,1
4269567,903937,1
4269567,502034,1
4269567,57231,1
4269567,199054,1
77808,118556,1
77808,170211,1
77808,37677,1
77808,2371824,1
77808,178784,1
682482,2537,1
682482,4391,1
682482,7007,1
682482,7349,1
682482,32596,1
682482,136,1
1092923,4602,1
1092923,15572,1
1092923,104215,1
1092923,4944,1
205565,2653525,1
205565,9940,1
20653,2835,1
20653,510460,1
20653,479133,1
20653,66533,1
20653,54990,1
20653,87131,1
20653,39252,1
20653,1044169,1
15043,67379,1
15043,6085,1
15043,17761,1
15043,446752,1
15043,68293,1
15043,66046,1
64976,800073,1
64976,18116,1
64976,87721,1
64976,6447,1
64976,230821,1
64976,8795,1
64976,448970,1
64976,162264,1
64976,3108,1
1328236,4750,1
1328236,7014,1
1328236,6553,1
1328236,21919,1
1328236,17400,1
1328236,7135,1
34059,144549,1
34059,268430,1
34059,749500,1
34059,173169,1
34059,106781,1
34059,106767,1
34059,37692,1
34059,9308,1
5043544,16913,1
5043544,52164,1
5043544,16684,1
5043544,1222,1
5043544,9308,1
5043544,30714,1
5043544,16928,1
1205872,798767,1
1205872,1908,1
1205872,450827,1
1205872,1663,1
1205872,139753,1
1597099,21755,1
1597099,2052034,1
1597099,2051735,1
1597099,43464,1
1597099,2051000,1
1597099,57996,1
1597099,23547,1
1597099,464695,1
1597099,9321,1
665823,76027,1
665823,369187,1
665823,164151,1
665823,185430,1
665823,475966,1
665823,53687,1
32587,143,1
32587,22004,1
32587,32,1
32587,6476,1
32587,345868,1
32587,337614,1
32587,615,1
32587,275226,1
32587,18058,1
74813,1192679,1
74813,53055,1
74813,164039,1
74813,2810832,1
74813,7624,1
74813,22869,1
16894,577117,1
16894,45700,1
16894,1247,1
16894,577677,1
16894,577760,1
16894,33724,1
16894,21591,1
60070,590504,1
60070,164223,1
60070,575687,1
60070,1247,1
60070,590565,1
60070,575860,1
60070,377001,1
60070,399904,1
181173,98654,1
181173,4861,1
181173,817416,1
181173,472141,1
181173,47377,1
181173,29476,1
181173,131322,1
181173,24376,1
181173,8806,1
2453243,1082390,1
2453243,2620623,1
2453243,17969,1
2453243,1917748,1
2453243,49983,1
2453243,212303,1
2453243,262089,1
2453243,144294,1
2453243,330206,1
26748,46479,1
26748,2973,1
26748,4045,1
26748,2537,1
26748,6557,1
26748,90687,1
979542,4508297,1
979542,1287839,1
979542,14568115,1
979542,18300318,1
979542,227425,1
979542,407679,1
979542,1609350,1
979542,14567991,1
979542,449755,1
979542,407076,1
604727,6483,1
604727,104130,1
604727,199601,1
604727,8403,1
2236472,29024,1
2236472,253912,1
2236472,103808,1
5042765,33821,1
5042765,2537,1
5042765,136,1
80696,73066,1
80696,11684,1
80696,4338103,1
80696,590976,1
80696,18357,1
80696,1025573,1
80696,3891611,1
80696,148223,1
80696,17895,1
80696,1351772,1
356167,185430,1
356167,23248,1
356167,175775,1
9781722,274359,1
9781722,60123,1
9781722,1477462,1
11121,14733,1
11121,2589,1
11121,27671,1
11121,635754,1
11121,5495,1
11121,29627,1
339,26613,1
339,18152,1
339,24916,1
339,26570,1
339,14133,1
339,26664,1
339,25771,1
339,18998,1
339,26300,1
339,1777,1
339,26768,1
339,10962,1
13595,672370,1
13595,54856,1
13595,29476,1
13595,446846,1
13595,447801,1
13595,20318,1
13595,447832,1
13595,84877,1
13595,137372,1
13595,447518,1
47646,2498,1
47646,1044,1
47646,125613,1
47646,847891,1
47646,843034,1
47646,6476,1
108956,4750,1
108956,10921,1
108956,4944,1
108956,4516,1
108956,18197,1
34669,39440,1
34669,12236,1
34669,19469,1
34669,176316,1
34669,17633,1
16779,141194,1
16779,4445,1
16779,140825,1
16779,9308,1
16779,2292,1
16779,3653,1
19527,3124,1
19527,18152,1
19527,99921,1
19527,1597,1
1745270,109151,1
1745270,172633,1
1745270,34304,1
1745270,422075,1
1745270,4623,1
1745270,210185,1
1216,224951,0
1216,125667,1
1216,225175,1
1216,5963,1
1216,225390,1
1216,6395,1
1216,111224,1
30535,21674,1
30535,6500,1
30535,18070,1
30535,9308,1
30535,17552,1
3391396,116999,1
3391396,117523,1
3391396,1530,1
3391396,98979,1
3391396,117079,1
3391396,111224,1
3391396,5963,1
3391396,117038,1
3391396,117015,1
3391396,9074,1
3391396,116987,1
3391396,4585,1
23243880,7482,1
4294,46249,1
4294,46829,1
4294,197307,1
4294,2946,1
4294,1358,1
4294,731784,1
4294,14133,1
4294,731729,1
4294,62654,1
4294,46447,1
4294,218359,1
4294,84738,1
426208,37343,1
426208,72129,1
426208,986082,1
426208,104209,1
426208,18299,1
426208,188564,1
426208,18357,1
426208,18148,1
426208,102013,1
20878980,11389762,1
20878980,2140479,1
20878980,2793,1
20878980,1381077,1
20878980,8010741,1
26743,2098,1
26743,49024,1
26743,90703,1
26743,275108,1
26743,41622,1
26743,464232,1
26743,714814,1
26743,27418,1
966943,61333,1
966943,487148,1
966943,356685,1
966943,9162182,1
966943,46677,1
966943,53055,1
966943,230274,1
966943,839042,1
966943,5215493,1
21217,11524,1
21217,9120,1
21217,6287,1
21217,36032,1
21217,2292,1
21217,140883,1
639842,3778905,1
639842,3922707,1
639842,17279,1
639842,175853,1
639842,3778953,1
639842,122159,1
639842,2998385,1
639842,1435,1
35983,8423,1
35983,176316,1
35983,173744,1
35983,8371,1
35983,70294,1
35983,364810,1
35983,7420,1
35983,23508,1
178244,35725,1
178244,171955,1
178244,144756,1
178244,73057,1
1229550,6069545,1
1229550,1586665,1
1229550,5813725,1
1229550,14089415,1
1229550,112242,1
1229550,2772578,1
1229550,134637,1
1229550,2932821,1
1229550,12874,1
2685664,4491683,1
2685664,1124170,1
2685664,161400,1
2685664,151482,1
2685664,863294,1
2685664,112775,1
2685664,943731,1
2685664,4489045,1
2685664,956061,1
3607937,18087,1
3607937,159971,1
3607937,9666,1
3607937,68272,1
3607937,92718,1
3607937,30528,1
3607937,1914,1
3607937,30132,1
27358,2973,1
27358,28561,1
27358,2003,1
27358,18794,1
27358,29831,1
1348,249198,1
1348,2973,1
1348,82925,1
1348,248189,1
1348,89094,1
1348,246306,1
30706524,3168,1
30706524,83113,1
30706524,18709,1
30706524,30256,1
30706524,6356,1
30706524,32949,1
30706524,30178,1
30706524,30084,1
30706524,975691,1
30706524,30225,1
30706524,2452675,1
30706524,46644,1
45139,177524,1
45139,76867,1
45139,107055,1
45139,24300,1
45139,112848,1
45139,2778169,1
45139,4437662,1
45139,2397667,1
45139,405492,1
45139,1929,1
33589,1247651,1
33589,861398,1
33589,4944,1
8618,165546,1
8618,58175,1
8618,43522,1
8618,292575,1
8618,280745,1
8618,388991,1
8618,1496224,1
8618,1496242,1
8618,179638,1
8618,1496184,1
3149861,3026332,1
3149861,16949,1
3149861,41595,1
783,899,1
783,12144,1
783,29556,1
783,29654,1
667601,272421,1
667601,21724,1
667601,230250,1
667601,1461451,1
667601,30365,1
667601,46206,1
667601,17522,1
37817659,384288,1
81361,4750,1
81361,69063,1
29838,53679,1
29838,1995,1
29838,40040,1
29838,22869,1
29838,166843,1
1673471,85297,1
1673471,1725723,1
1673471,3137440,1
1673471,118556,1
1673471,207632,1
1673471,11487,1
25433,4037,1
25433,9308,1
25433,17386,1
719911,8622,1
719911,12559,1
719911,60881,1
719911,629,1
719911,332,1
719911,6305,1
719911,6952,1
719911,7015,1
13736167,2127109,1
13736167,89424,1
13736167,18357,1
13736167,66406,1
657682,6081,1
657682,61333,1
657682,53055,1
657682,388525,1
30741795,2452675,1
30741795,50163,1
30741795,83113,1
30741795,77382,1
30741795,18303,1
30741795,40870,1
30741795,30333,1
30741795,1199674,1
30741795,78463,1
30741795,119565,1
30741795,30256,1
30741795,18365,1
30741795,975691,1
30741795,81790,1
19339193,1535906,1
19339193,326007,1
19339193,436032,1
19339193,4915,1
19339193,35778,1
19339193,210185,1
19339193,33490,1
19961,280745,1
19961,114274,1
19961,1181141,1
19961,30100,1
19961,2926621,1
19961,179638,1
144171,7199141,1
144171,24686,1
144171,578410,1
144171,578288,1
144171,6404,1
5079506,986678,1
5079506,559925,1
5079506,10405,1
5079506,39073,1
5079506,66381,1
5079506,18357,1
3463364,20522,1
3463364,1124170,1
894013,919221,1
894013,36151,1
894013,566579,1
894013,83741,1
217226,105746,1
217226,952580,1
217226,11487,1
217226,5259,1
217226,357182,1
217226,154433,1
14579,705256,1
14579,341096,1
14579,89352,1
14579,1738,1
14579,111282,1
14579,55666,1
20076,6356,1
20076,3037,1
20076,2052,1
20076,83345,1
20076,1044,1
25734,1204989,1
25734,913900,1
25734,45321,1
25734,18308,1
25734,61974,1
25734,76661,1
25734,22588,1
25734,62093,1
25734,84455,1
25734,76780,1
25734,76656,1
25734,2560,1
25734,9141,1
25734,17890,1
16743,7408,1
16743,18644,1
16743,27418,1
16743,593627,1
16743,18285,1
16743,31438,1
16743,2454,1
16743,1597,1
21113831,387870,1
21113831,1509997,1
21113831,4110928,1
21113831,4110926,1
21113831,4858,1
21113831,1216563,1
21113831,2286855,1
21113831,1383524,1
21113831,387126,1
21113831,946757,1
23745,1435,1
23745,450827,1
23745,39702,1
23745,69814,1
5622007,6515574,1
5622007,7390097,1
5622007,1198882,1
5622007,15345,1
5622007,46249,1
5622007,8179,1
5622007,27862,1
5622007,178880,1
25821,8767,1
25821,1021857,1
25821,870827,1
25821,111223,1
25821,12442,1
5179207,37266,1
5179207,1217776,1
5179207,15061238,1
5179207,1608,1
5179207,1534022,1
5179207,1039822,1
5179207,4655110,1
5179207,498132,1
5179207,92557,1
5179207,98611,1
5179207,1034328,1
25473,8513,1
25473,104120,1
25473,16692,1
25473,17386,1
25473,165192,1
44275267,280626,1
44275267,245890,1
44275267,36935,1
44275267,29396,1
44275267,119760,1
44275267,20936,1
80103,51175,1
80103,17923,1
80103,85368,1
80103,17704,1
80103,53687,1
80103,15659,1
19457,289107,1
19457,2973,1
19457,504978,1
19457,18441,1
19457,77542,1
19457,83802,1
19283335,5346,1
19283335,9308,1
16749,42203,1
16749,601562,1
16749,318758,1
16749,284758,1
19001,3547,1
9209651,383,1
9209651,336,1
9209651,15567,1
9209651,3192,1
9209651,14682,1
5898214,2811973,1
5898214,3582189,1
5898214,22944,1
5898214,251235,1
5898214,380066,1
5898214,650381,1
21473,207249,1
21473,30446,1
21473,24545,1
21473,6528,1
21473,37470,1
21473,27536,1
21473,14962,1
21473,35597,1
3354,111991,1
3354,565193,1
3354,87642,1
3354,125625,1
3354,8066,1
3354,127733,1
11986,2009745,1
11986,1452636,1
11986,245796,1
11986,427589,1
2377,444914,1
2377,445607,1
2052702,299792,1
2052702,14698,1
2052702,3778905,1
24437894,17822,1
24437894,17807,1
24437894,366035,1
24437894,17775,1
5326,474503,1
5326,103965,1
5326,103655,1
5326,395217,1
5326,34574,1
670910,357843,1
670910,9534,1
670910,102470,1
670910,3463,1
670910,1869118,1
670910,346343,1
670910,72369,1
670910,6476,1
670910,15775,1
670910,280,1
670910,102636,1
670910,104510,1
14914,18645,1
14914,5963,1
14914,41622,1
14914,57543,1
14914,8767,1
14914,89565,1
14914,149743,1
14560,18283,1
14560,68901,1
14560,1034602,1
14560,147464,1
14560,46798,1
5905720,230250,1
5905720,3347868,1
5905720,840778,1
5905720,3511067,1
5905720,5903968,1
5905720,24262,1
5905720,6469437,1
22093,4278,1
22093,24640,1
22093,22862,1
22093,5079,1
37313,33677,1
37313,33228,1
37313,3804875,1
37313,115451,1
37313,39668,1
947583,14742,1
947583,17522,1
947583,272421,1
947583,18181,1
947583,230250,1
3138,136488,1
3138,19142,1
3138,47377,1
3138,10017,1
3138,54914,1
3138,104244,1
31750,639995,1
31750,8536,1
31750,30855,1
31750,276691,1
31750,99056,1
31750,52997,1
31750,150593,1
31750,7613,1
31750,48669,1
1355448,277397,1
1355448,3374397,1
1355448,452659,1
1355448,1581492,1
1355448,1281118,1
1355448,341833,1
1355448,35837,1
45661106,11487,1
45661106,46249,1
45661106,363560,1
45661106,10654122,1
45661106,23499,1
45661106,33623,1
2162222,6396,1
2162222,53687,1
2162222,369187,1
7907317,415155,1
7907317,48103,1
7907317,1066,1
7907317,15124,1
7907317,89446,1
7515964,2558257,1
7515964,132358,1
7515964,2973,1
7515964,2558305,1
7515964,1476967,1
7515964,29524,1
1273596,16817,1
1273596,120940,1
1273596,90418,1
1273596,894404,1
1273596,17822,1
34598,17633,1
34598,12236,1
34598,176316,1
97218,393022,1
97218,2935821,1
97218,303246,1
97218,2937108,1
97218,10497,1
97218,4915,1
97218,447453,1
97218,54856,1
97218,447518,1
97218,672070,1
97218,446737,1
97218,447832,1
3343,58433,1
3343,20868,1
3343,2973,1
3343,218586,1
3343,156136,1
3343,7428,1
7412236,30256,1
7412236,57399,1
19117026,5316565,1
19117026,34972650,1
19117026,9246193,1
19117026,42927,1
19117026,718922,1
46313,25554,1
46313,154433,1
46313,341379,1
36517,1293433,1
36517,736700,1
36517,3180,1
36517,52076,1
36517,1293537,1
36517,3054,1
36517,164195,1
36517,1309339,1
36517,772928,1
36517,87131,1
36517,282741,1
702117,164016,1
702117,164213,1
702117,6081,1
702117,16949,1
702117,24361,1
702117,103808,1
702117,253912,1
720156,3092,1
720156,629,1
720156,74623,1
720156,29060,1
720156,2246,0
720156,6305,0
720156,12958,1
720156,32339,1
720156,60881,1
720156,3021,1
720156,6124,1
720156,332,1
720156,6952,1
720156,12559,1
720156,7015,1
37556,20116,1
37556,4457,1
37556,3043844,1
37556,604,1
37556,3896,1
37556,3860,1
37556,27514,1
37556,3547,1
37556,4846,1
37556,4037,1
2222596,18760,1
2222596,11360905,1
2222596,11360912,0
2222596,12409176,1
2222596,23691225,1
2222596,11360950,1
2222596,11361081,1
2222596,11361094,1
2222596,2309759,1
2222596,5282737,1
2222596,1297172,1
2222596,49983,1
2222596,20047492,1
2222596,6032384,1
2222596,11361155,1
2222596,11360918,1
2222596,19592865,1
2222596,11360883,1
2222596,2003,1
325329,28227,1
325329,297518,1
325329,17492,1
325329,9308,1
325329,35344,1
325329,46331,1
325329,77893,1
325329,14682,1
69880,39146,1
69880,2608,1
69880,383,1
69880,9308,1
69880,81150,1
69880,6356,1
168715,32107,1
168715,1586,1
168715,10221790,1
168715,4066635,1
168715,1932,1
168715,35045,1
168715,147040,1
168715,186601,1
168715,48504,1
168715,118381,1
7738,1319883,1
7738,7420,1
7738,238570,1
7738,621223,1
7738,337028,1
7738,138496,1
7738,207019,1
7738,336976,1
7738,285594,1
7738,26461,1
7738,4846,1
7738,67009,1
7738,17814,1
7738,6421,1
29487240,24274388,1
29487240,10262500,1
29487240,9095584,1
29487240,388919,1
29487240,8659979,1
29487240,3861958,1
29487240,12914461,1
29487240,10478246,1
29487240,1066290,1
29487240,1105738,1
29487240,8616912,1
29487240,10260454,1
37032,569252,1
37032,24112,1
37032,679128,1
37032,1400595,1
37032,8226,1
37032,1153481,1
37032,74768,1
37032,35253,1
37032,245527,1
3504698,6179,1
3504698,4551,1
3504698,16611,1
3504698,590601,1
3504698,12967548,1
3504698,118556,1
3504698,22187,1
3504698,7145,1
3504698,577853,1
161515,276751,1
161515,1133624,1
161515,5271694,1
161515,35985,1
161515,12950,1
161515,164223,1
161515,154052,1
161515,144756,1
161515,73057,1
652402,76027,1
652402,475966,1
652402,476781,1
652402,185430,1
652402,175775,1
652402,164151,1
3703446,3095,1
3703446,31598,1
3703446,6421,1
3703446,1777,1
1204377,3923208,1
1204377,956554,1
1204377,20194396,1
1204377,6715,1
1204377,47597,1
1204377,347651,1
1204377,12272,1
1204377,2770775,1
1204377,2252251,1
18562,23140,1
18562,1316703,1
12731,3054,1
12731,3180,1
12731,121415,1
12731,17923,1
12731,92533,1
12731,11467,1
12731,21733,1
12731,58112,1
12731,18357,1
10292532,3778905,1
10292532,221723,1
10292532,84752,1
31045316,1130,1
31045316,192469,1
31045316,2415,1
31045316,93001,1
5042862,62093,1
5042862,9141,1
5042862,61974,1
5042862,70038,1
5042862,7014,1
5042862,55542,1
1213838,6052790,1
1213838,517846,1
1213838,41012,1
1213838,203057,1
1213838,22944,1
1213838,21816,1
1213838,103808,1
1213838,2457332,1
168540,7945,1
168540,9277323,1
168540,29617,1
168540,919221,1
168540,2059,1
32706,159412,1
32706,16830,1
32706,25733,1
32706,5259,1
32706,53461,1
32706,225183,1
32706,6412,1
32706,127879,1
32706,903,1
1902036,1228657,1
1902036,1847751,1
1902036,11706026,1
1902036,22729205,1
1902036,3404311,1
1902036,8045,1
1902036,6302012,1
1902036,2007003,1
1902036,3393667,1
1902036,190507,1
1902036,2438052,1
1902036,17483,1
42734,5690260,1
42734,19836,1
42734,2181192,1
42734,141081,1
42734,359044,1
42734,5690127,1
42734,312864,1
42734,3108,1
42734,1332575,1
42734,7353,1
42734,90636,1
42734,37907,1
42734,392160,1
42734,21357,1
15808914,28520,1
15808914,5604,1
15808914,29382,1
15808914,30463,1
15808914,28151,1
15808914,175860,1
15808914,49481,1
15808914,94789,1
15808914,245790,1
15808914,95829,1
15808914,9998,1
15808914,29461,1
15808914,29217,1
838950,334706,1
838950,18146382,1
838950,11340,1
838950,18146225,1
838950,3591935,1
838950,112276,1
838950,333847,1
838950,333697,1
838950,7118481,1
838950,33184,1
8024324,3347795,1
8024324,321359,1
8024324,4646775,1
8024324,30686345,1
8024324,946201,1
8024324,4333618,1
8024324,840552,1
8024324,962873,1
8024324,236014,1
8024324,260126,1
8024324,17454,1
8024324,634251,1
8024324,1250828,1
7954681,6966,1
7954681,906677,1
7954681,2003,1
7954681,820837,1
7954681,340962,1
4391,765148,1
4391,763828,1
4391,12394,1
4391,762596,1
4391,763003,1
4391,762332,1
4391,762204,1
4391,764485,1
39120733,15411,1
39120733,21512,1
39120733,43946,1
39120733,66809,1
39120733,8918,1
39120733,60813,1
39120733,18110,1
39120733,37135,1
39120733,46650,1
39120733,24237,1
39120733,167661,1
39120733,35392,1
39120733,422484,1
39120733,18303,1
15613,3375,1
15613,456807,1
15613,20915,1
15613,2204,1
15613,145010,1
15613,19142,1
15613,887485,1
11633375,51191,1
11633375,193213,1
11633375,1007638,1
11633375,32442980,1
11633375,662594,1
11633375,326161,1
11633375,4551,1
11633375,923531,1
13913,33241,1
13913,1107,1
13913,110852,1
13913,518795,1
13913,77104,1
13913,18058,1
13913,390742,1
13913,200426,1
13913,15124,1
13913,1943,1
13913,854348,1
13913,193890,1
13913,24335,1
11762000,33062,1
11762000,2330,1
11762000,70712,1
11762000,190507,1
11762000,112634,1
11762000,23109,1
11762000,116455,1
13919,240102,1
13919,2308295,1
13919,193890,1
13919,136189,1
13919,110852,1
13919,35597,1
13919,275528,1
13919,90273,1
13919,192949,1
13919,2308534,1
13919,87229,1
13919,97185,1
21211,47377,1
21211,3078,1
1678965,1251600,1
1678965,1297623,1
1678965,1251595,1
1678965,413639,1
1678965,2672153,1
1678965,21761,1
1678965,21760,1
1678965,2114,1
1678965,5751992,1
1678965,517846,1
140332,166843,1
140332,26780,1
140332,53055,1
140332,1581745,1
140332,749007,1
140332,1202434,1
140332,1817725,1
140332,39381,1
140332,40040,1
140332,22869,1
349303,2973,1
349303,97862,1
12124974,74788,1
12124974,1744064,1
12124974,69539,1
12124974,69814,1
12124974,7015,1
12124974,1123174,1
12124974,425996,1
12124974,812282,1
12124974,115670,1
14498090,468811,1
14498090,125518,1
14498090,576419,1
14498090,7994,1
14498090,498967,1
771,106902,1
771,18156,1
771,9308,1
771,83467,1
771,14762,1
1078,3475,1
1078,12843,1
1078,18058,1
1078,1044,1
1078,97291,1
1078,64277,1
1078,33241,1
1078,15124,1
9334,2973,1
9334,407672,1
9334,20267,1
9334,74343,1
7650157,2072025,1
7650157,157311,1
7650157,6608986,1
7650157,2996690,1
7650157,73057,1
11388236,27480,1
11388236,191864,1
11388236,39902,1
11388236,75935,1
11388236,85415,1
438904,369187,1
438904,175775,1
438904,94047,1
438904,185430,1
438904,476781,1
438904,476866,1
18524,609,1
18524,23173,1
18524,119236,1
18524,580570,1
18524,104560,1
18524,366095,1
3245628,467701,1
3245628,1106273,1
3245628,2799980,1
3245628,1034328,1
3245628,1206,1
3245628,280234,1
3245628,3476582,1
3245628,573562,1
719923,74623,1
719923,8622,1
719923,60881,1
719923,12559,1
719923,629,1
719923,332,1
719923,6305,0
719923,6952,1
719923,7015,1
7514833,116455,1
7514833,1663,1
7514833,42233,1
7514833,28922,1
7514833,70712,1
12108,29654,1
12108,6395,1
12108,111224,1
12108,9074,1
2569378,896313,1
2569378,10935,1
2569378,4750,1
2569378,957,1
37650258,333697,1
37650258,90609,1
37650258,333847,1
37650258,6761091,1
37650258,14336,1
5043324,83467,1
5043324,727779,1
5043324,91759,1
5043324,297779,1
5043324,24051435,1
5043324,35597,1
5043324,83613,1
406859,327549,1
406859,1932,1
406859,54111,1
11125639,29654,1
11125639,117140,1
11125639,117523,1
11125639,93651,1
11125639,979848,1
11125639,77589,1
11125639,117655,1
11125639,91958,1
27019,956474,1
27019,1014314,1
27019,23372,1
27019,76644,1
939380,49983,1
939380,74788,1
939380,134566,1
939380,49996,1
939380,530613,1
939380,164115,1
440467,56680,1
440467,568573,1
440467,175775,1
440467,3025677,1
440467,44630,1
9089624,16949,1
9089624,7390705,1
9089624,210185,1
201936,112562,1
201936,450,1
201936,35597,1
201936,29009,1
201936,347429,1
17416221,237565,1
17416221,28054,1
17416221,60601,1
2632114,24744942,1
2632114,7945,1
2632114,306956,1
34703,39440,1
34703,19469,1
34703,176316,1
34703,12236,1
16972981,29654,1
16972981,20986,1
16972981,990581,1
16972981,3565,1
16972981,6999,1
16972981,1934489,1
16972981,6395,1
16972981,9074,1
16972981,116950,1
16972981,20129,1
2893218,784737,1
2893218,44666,1
2893218,8452807,1
2893218,460770,1
2893218,54111,1
172997,64724,1
454272,477270,1
454272,7084299,1
454272,131141,1
454272,14319632,1
454272,175775,1
454272,138357,1
454272,430551,1
454272,3025677,1
454272,44630,1
98301,164213,1
98301,108909,1
98301,53687,1
98301,4514,1
98301,16711,1
98301,548618,1
98301,634251,1
142238,66533,1
142238,13179,1
142238,5654,1
142238,17923,1
142238,83179,1
142238,39096,1
12133243,1123174,1
12133243,1720936,1
12133243,1020887,1
12133243,812282,1
12133243,69539,1
12133243,425996,1
12133243,69814,1
12133243,115670,1
378254,9391249,1
378254,39250,1
378254,14225650,1
378254,67086,1
378254,1435,1
9239,23155,1
9239,28220,1
9239,27856,1
30128,2973,1
30128,69805,1
30128,7014,1
30128,78279,1
30128,453,1
12137073,1561440,1
12137073,11933140,1
12137073,535634,1
12137073,115903,1
424547,50080,1
424547,782222,1
424547,19829,1
424547,535603,1
1047970,112785,1
1047970,54509,1
1047970,1499891,1
999957,12811664,1
999957,19172338,1
999957,762527,1
999957,6082971,1
999957,578010,1
999957,3127,1
2200527,37042,1
2200527,52523,1
178771,1808,1
178771,378197,1
178771,6082,1
178771,27858,1
558500,1670,1
558500,2173958,1
558500,2814,1
558500,149160,1
558500,1015182,1
558500,164223,1
17416342,16053,1
66299,11426,1
66299,5422,1
66299,1973130,1
66299,133679,1
66299,472141,1
66299,47377,1
66299,2928,1
66299,8806,1
2589713,25131,1
2589713,55256,1
2589713,155473,1
2589713,8767,1
146167,23337,1
146167,2929,1
146167,2059,1
146167,400471,1
146167,7945,1
146167,5408,1
146167,81296,1
18987,3056373,1
18987,2793,1
18987,5963,1
18987,79001,1
60098,7204,1
60098,235664,1
60098,90220,1
60098,24545,1
60098,865855,1
60098,37983,1
60098,65104,1
10114596,4463223,1
10114596,144294,1
10114596,11487,1
10114596,118556,1
28606,548647,1
28606,1046073,1
28606,20522,1
28606,4434417,1
28606,4434525,1
2299922,118556,1
2299922,2672183,1
2299922,21543,1
2299922,207632,1
2299922,1919609,1
42345073,234851,1
42345073,69639,1
42345073,3262,1
42345073,6305,1
42345073,12006430,1
42345073,1089,1
42345073,848680,1
42345073,104172,1
42345073,2032221,1
149183,44706,1
149183,160190,1
149183,47499,1
149183,2005181,1
149183,2005131,1
149183,577043,1
722403,118556,1
722403,143994,1
722403,577393,1
722403,17559440,1
722403,6179,1
1117939,8780,1
1117939,114274,1
156587,272421,1
156587,18181,1
156587,17522,1
156587,230250,1
4721,62,1
4721,5963,1
4721,14133,1
4721,615128,1
4721,158061,1
4721,106347,1
26961,96772,1
26961,9067,1
26961,30066,1
26961,2003,1
26961,18848,1
26961,10661,1
26961,97185,1
26961,92513,1
26961,38933,1
494681,29776,1
494681,1201978,1
494681,2866989,1
494681,118556,1
494681,590627,1
494681,144294,1
26903,6857,1
26903,222709,1
26903,222663,1
26903,5259,1
26903,36108,1
212370,334841,1
212370,77167,1
212370,195675,1
212370,8385798,1
212370,2049068,1
212370,9087,1
1537,152563,1
1537,5446,1
1537,17814,1
1537,6417,1
1537,207019,1
1537,286144,1
1537,5872,1
1537,138452,1
1537,4135,1
1537,72588,1
1537,285994,1
1537,4554,1
1537,6421,1
1806,327067,1
1806,39200,1
1806,325931,1
690083,175690,1
690083,5485923,1
690083,115505,1
690083,121149,1
690083,654782,1
690083,2417172,1
690083,175775,1
690083,429149,1
690083,654829,1
690083,175579,1
690083,22869,1
690083,44630,1
1008974,20573,1
1008974,12182308,1
1008974,17329013,1
1008974,431835,1
1008974,8068142,1
1008974,10361792,1
1008974,441595,1
8377,207349,1
8377,759,1
8377,29732,1
8377,1200919,1
55447,104440,1
55447,23771,1
55447,450033,1
55447,18370,1
55447,295878,1
690256,180991,1
690256,185430,1
690256,94047,1
690256,61039,1
690256,44630,1
690256,369187,1
1660277,1202726,1
1660277,41250,1
1660277,326967,1
1660277,1032913,1
2122,391311,1
2122,391320,1
2122,41622,1
2122,6392,1
2122,3672,1
2122,103137,1
2122,57543,1
2122,210556,1
2122,23508,1
2122,391240,1
2122,90902,1
2122,196981,1
2122,391283,1
24573,861398,1
24573,135859,1
523032,2170149,1
523032,3980145,1
523032,400471,1
33879,137443,1
33879,24030,1
33879,12192,1
33879,38855,1
33879,1366,1
33879,108861,1
33879,11487,1
9317,23155,1
9317,986038,1
9317,207349,1
9317,82939,1
9317,2723,1
9317,46690,1
9317,98654,1
9317,127733,1
2257672,115903,1
2257672,13100,1
2257672,535603,1
2257672,50080,1
2257672,1849335,1
2257672,116308,1
2257672,16949,1
2257672,56894,1
719937,74623,1
719937,12559,1
719937,8622,1
719937,60881,1
719937,629,1
719937,332,0
719937,6305,0
719937,6952,1
719937,7015,1
287673,533723,1
287673,396496,1
287673,164213,1
287673,2022067,1
287673,138838,1
287673,674677,1
287673,5532555,1
287673,10265124,1
287673,12750218,1
287673,2148774,1
53862,39702,1
53862,12085,1
53862,18370,1
53862,87939,1
53862,73677,1
53862,493,1
53862,16711,1
69708,406375,1
69708,430165,1
69708,605804,1
69708,2454710,1
69708,120463,1
69708,77941,1
69708,171317,1
69708,13321,1
69708,407893,1
69708,205654,1
69708,23656,1
69708,3180,1
23805,5963,1
23235,355800,1
23235,75550,1
23235,119070,1
23235,30790,1
23235,1066,1
23235,181823,1
23235,16143,1
23235,93008,1
23235,1988,1
23235,33764,1
23235,2809948,1
10201245,9752,1
10201245,69814,1
10201245,69539,1
10201245,74788,1
10201245,115670,1
10201245,812282,1
4132613,577562,1
4132613,576743,1
4132613,576392,1
4132613,73066,1
4132613,577061,1
4132613,356691,1
306723,185430,1
306723,144656,1
306723,151135,1
306723,369187,1
306723,476781,1
306723,53687,1
306723,94047,1
2574542,15232802,1
2574542,15503877,1
2574542,673460,1
2574542,23582482,1
2574542,1119321,1
2574542,2227133,1
2574542,2591729,1
2574542,9429536,1
2574542,3327610,1
2574542,3137272,1
2574542,216639,1
7473,1287978,1
7473,114274,1
7473,407412,1
7473,1286782,1
7473,429861,1
7473,405977,1
15573,14300,1
15573,99952,1
15573,18486,1
15573,7226,1
15573,166912,1
15573,90220,1
15573,601562,1
15573,99921,1
9904,457305,1
9904,197783,1
9904,145932,1
9904,24144,1
4199629,21816,1
4199629,100095,1
4199629,60677,1
4199629,69038,1
6803715,6175796,1
6803715,2670955,1
6803715,1369930,1
6803715,141433,1
6803715,2672225,1
6803715,6404,1
1481886,1832,1
1481886,2596,1
1481886,438677,1
1481886,2324165,1
1481886,1186,1
1481886,3095,1
69058,2424579,1
69058,7400834,1
69058,84652,1
69058,10834,1
69058,28272,1
8057143,741073,1
8057143,2006948,1
8057143,330206,1
8057143,154063,1
8057143,485440,1
8057143,2266268,1
8057143,395943,1
8057143,69038,1
4764461,217,1
4764461,9308,1
4764461,6203,1
303225,477435,1
303225,175775,1
303225,76027,1
303225,61039,1
303225,144656,1
303225,185430,1
303225,53687,1
303225,94047,1
2318261,285564,0
2318261,9080,1
2773076,66533,1
2773076,230089,1
2773076,628153,1
2773076,679585,1
2773076,126594,1
2177376,82047,1
2177376,577212,1
2177376,578133,1
2177376,577659,1
2177376,576749,1
2177376,578048,1
2177376,73066,1
42538288,6908,1
42538288,9080,1
42538288,285564,0
4071534,7832,1
4071534,299792,1
19816586,8285581,1
19816586,13598476,1
19816586,25025831,1
19816586,828849,1
19816586,12940,1
19816586,3308297,1
19816586,21816,1
19816586,66836,1
25391,8536,1
25391,297331,1
25391,37818,1
25391,52997,1
12981647,595387,1
12981647,69814,1
12981647,1124170,1
12981647,17310707,1
12981647,90439,1
12981647,8045,1
23033,127703,1
23033,84606,1
23033,81740,1
23033,10365,1
23033,84056,1
23033,81035,1
23033,46717,1
23033,83397,1
26994,22923,1
26994,42533,1
26994,89565,1
26994,164551,1
26994,138969,1
26994,18236,1
736,26972,1
736,35597,1
736,3749,1
736,87939,1
736,89095,1
736,26300,1
736,89998,1
