#article,editor
36258669,12605825
36258669,21848
36258669,3214
36258669,27231
36258669,297406
36258669,528646
36258669,441000
36258669,93029
36258669,230355
36258669,816769
36258669,259121
36258669,2471791
36258669,92503
372801,116043
372801,288320
372801,13100
372801,51792
372801,210185
372801,535603
372801,1849335
372801,16949
3414021,5495
3414021,104070
2337812,7083161
2337812,282631
2337812,83577
2337812,791372
2337812,476781
2337812,39610
2337812,9075375
2337812,4457
2337812,131141
2337812,3625465
2337812,13087708
2337812,3025677
2337812,9072
2337812,6396
14439630,292012
14439630,1157978
14439630,210185
14439630,23771
14439630,1974704
14439630,535541
1001666,257524
1001666,115903
1001666,116816
1001666,2677
1001666,49983
1001666,175775
1001666,85324
1001666,1208376
1001666,115210
1001666,74846
3434750,2976135
3434750,61847
3434750,52164
3434750,894404
3434750,65178
3434750,4750
3434750,90418
251212,1451
251212,151531
251212,169276
251212,8101
251212,62926
251212,34821
251212,33663
251212,3344911
3410343,2563
3410343,4491683
3410343,81363
3410343,112775
3410343,403614
3410343,1346101
3410343,6363
3410343,1536050
3410343,811691
5043734,25515
5043734,18486
8835,2727
8835,116398
8835,437113
8835,1535794
8835,1158
8835,1536866
8835,1537291
8835,181925
8835,782222
8835,744616
8835,11318
8835,21481
8835,1536163
8835,1207
8835,112463
8835,1448701
8835,115645
8835,14533
380021,1050689
380021,750852
380021,535316
380021,535603
380021,288320
380021,1367314
380021,13100
380021,51792
380021,116043
380021,1849335
380021,16949
303197,15634
303197,2702896
303197,16711
303197,972
303197,73677
14995351,23508
14995351,77402
14995351,6546
14995351,251800
14995351,81150
14995351,1599453
14995351,377001
1095706,268215
1095706,6418
1095706,1195
1095706,17385
1095706,15124
1095706,88778
1095706,31438
1095706,41011
1095706,6412
1095706,18365
8697957,116398
8697957,1207
8697957,1536163
8697957,437113
8697957,1536866
8697957,112463
8697957,782222
8697957,1448701
8697957,5089
8697957,14533
8697957,115645
606848,17780
606848,17826
606848,2982
606848,117730
606848,160075
606848,104085
606848,369206
606848,31001
606848,199211
3784152,12912980
3784152,1269043
3784152,9429586
3784152,3327610
3784152,12469219
3784152,24611832
3784152,216639
2731583,165501
2731583,18371
2731583,65042
2731583,6233
534366,491097
534366,16913
534366,85415
534366,949
534366,51175
534366,32107
534366,1416090
32927,35710
32927,177464
32927,563926
32927,383
32927,87880
32927,84986
32927,25533
32927,65350
32927,326989
3382,576272
3382,5901
3382,574291
3382,576392
3382,576942
621216,8429
621216,9069
621216,58100
621216,2762
621216,9930
621216,74623
621216,12958
621216,2625
621216,60881
621216,6124
621216,2142720
621216,6305
621216,629
621216,2798
621216,6952
621216,2528
621216,332
621216,7015
621216,2796
621216,12559
621216,16787450
621216,3038
621216,2563
621216,2727
1449500,345105
1449500,387923
1449500,144616
1449500,74611
12032281,2563
12032281,11599
12032281,1312
12032281,692449
12032281,8743
12032281,89149
12032281,115670
12032281,9752
621396,2677
621396,45308
621396,12958
621396,6793
621396,74623
621396,24813
621396,60881
621396,2142720
621396,6124
621396,629
621396,6305
621396,2528
621396,7015
621396,6952
621396,2798
621396,332
621396,2796
621396,12559
621396,16787450
621396,3038
621396,2563
621396,2727
421853,15848
421853,1833017
421853,87405
421853,33062
421853,44630
421853,23109
345792,76027
345792,185430
345792,7082206
345792,94047
345792,403841
345792,477435
29812,89424
29812,283569
29812,894404
29812,66406
29812,32551
29812,18357
14533,29396
14533,77328
14533,82455
14533,33764
14533,92641
14533,270754
14533,53131
14533,7143
14533,92483
52547,175488
52547,230429
52547,801017
52547,531296
52547,16023
52547,210072
52547,531569
52547,439543
52547,68782
719861,12958
719861,24813
719861,74623
719861,45308
719861,6124
719861,60881
719861,2142720
719861,6305
719861,629
719861,6952
719861,2528
719861,2563
719861,2796
719861,7015
719861,3038
719861,2798
719861,12559
719861,16787450
719861,332
719861,2727
31717,99106
31717,90452
31717,103929
4478284,2563
4478284,4915
4478284,8759271
4478284,2137051
4478284,35617
4478284,89974
4478284,19721
4478284,50080
42930508,8780
42930508,743972
42930508,10190927
42930508,16949
142056,112276
142056,993637
142056,149503
142056,377001
142056,33724
142056,147741
142056,400221
142056,378850
142056,123660
262376,44231
262376,44029
262376,44787
262376,44953
262376,43850
26413,46220
26413,2729590
26413,114274
26413,45161
26413,393482
26413,170320
26413,1286183
26413,148614
6299613,46644
6299613,136520
6299613,21615
6299613,26797
6299613,320641
6299613,156226
6299613,90273
6299613,91788
5042951,1935
5042951,6287
5042951,6765
5042951,42
5042951,545552
5042951,72304
5042951,391623
5042951,13014
5042951,17083
5042951,6528
24951,87405
24951,291093
24951,2330
24951,1802407
24951,70712
24951,33062
292279,53055
292279,164039
292279,8783
292279,2810832
292279,326161
292279,22869
68187,2708532
68187,168150
68187,46220
68187,114274
68187,3225826
68187,66202
68187,413943
68187,27047
719876,74623
719876,9069
719876,2798
719876,58100
719876,14118
719876,8622
719876,45308
719876,2777
719876,24813
719876,1312
719876,2563
719876,2142720
719876,60881
719876,629
719876,2528
719876,6305
719876,332
719876,12559
719876,6952
719876,7015
719876,16787450
719876,2796
719876,3038
719876,2727
311937,94047
311937,185430
1620586,655243
1620586,986055
1620586,104215
1620586,1216534
1620586,2579
191890,517846
191890,61132
191890,44304
191890,93081
18934,97427
18934,96988
18934,97287
18934,583066
18934,97282
18934,1066
18934,96742
18934,12843
12373394,527293
12373394,1312
12373394,2563
12373394,8743
12373394,89149
12373394,115670
12373394,9752
645042,1930
645042,1115151
645042,538914
645042,4915
645042,4516
645042,275761
645042,142629
645042,59494
9288,65042
9288,7994
9288,1600768
9288,15773
9288,525876
9288,32551
9288,894404
9288,784433
14305065,288320
14305065,51792
14305065,116043
14305065,13100
14305065,1849335
14305065,16949
6037917,311968
6037917,99720
6037917,1066
6037917,96742
6037917,97287
6037917,1051139
6037917,12843
6106572,115670
6106572,115903
6106572,13100
6106572,349455
6106572,56894
6106572,116308
6106572,1849335
6106572,16949
391371,272421
391371,100095
391371,17522
391371,230250
8952317,8385544
8952317,369083
8952317,86628
8952317,399318
62676,430551
62676,83577
62676,175775
62676,3025677
62676,44630
20855562,732505
20855562,21113
20855562,75555
20855562,47380
20855562,248995
20855562,54910
20855562,283733
20855562,780750
20855562,97829
20855562,26797
20855562,143594
20855562,415177
20855562,2309346
20855562,46644
20855562,2756515
20855562,59314
20855562,92615
20855562,5980917
20855562,3308740
20855562,35150
20855562,413329
92656,6908
92656,25541
92656,1512416
92656,164182
8242057,2072025
8242057,1832
8242057,73057
8242057,42508
8242057,36230
8718425,1210123
8718425,4959
8718425,5280
8718425,329088
8718425,398033
8718425,182660
8718425,3108
8718425,15124
8718425,211892
8718425,6407
8718425,846586
8718425,89446
8718425,227451
8718425,52435
29056,517941
29056,81363
29056,944989
29056,403614
3152703,218274
3152703,2563
3152703,12632687
3152703,623330
3152703,23347
3152703,665111
3152703,39702
3152703,144616
147575,17252
147575,7400
147575,120463
147575,4033
147575,147464
147575,46798
1610197,1713206
1610197,17704
1610197,26390
1610197,134566
1610197,18259
1610197,305624
1610197,44630
17843985,437113
17843985,33590
17843985,210185
17843985,115002
17843985,535603
16454230,235684
16454230,547568
16454230,85368
16454230,743355
16454230,22067
16454230,133139
307,17973
307,18155
307,18093
307,17969
307,6412
307,9308
307,18070
3356,17470
173486,327004
173486,839073
173486,138094
173486,385496
173486,2447246
173486,595387
173486,122159
173486,1435
22989,111224
22989,2768
22989,1988
22989,778368
22989,32871
22989,28025
22989,11340
22989,146861
22989,465623
26494,27856
26494,31670
26494,2239874
26494,2455033
26494,949
26494,1978336
26494,32596
26494,528481
26494,512223
26494,528520
26494,246655
26494,21436
26494,528496
26494,87651
26494,101106
26494,479
26494,528476
156126,172980
156126,6995438
156126,60749
156126,369187
414848,402797
414848,591412
414848,44304
414848,576172
414848,576397
414848,6404
2387806,2931808
2387806,5138
2387806,36108
18787,52076
18787,361589
210892,15226
210892,5963169
210892,381655
210892,39390
5405,9141
5405,18365
5405,55542
5405,65178
5405,2560
5405,77382
13118744,26740
13118744,446384
13118744,966408
13118744,888441
13118744,1574
13118744,3357365
13118744,2482
13118744,5888
11054,46829
11054,121577
11054,1130
11054,26823
11054,165309
11054,192469
11054,2415
11054,93001
578152,94047
578152,568573
578152,44630
578152,476781
578152,185430
4460092,862581
4460092,3137440
4460092,18992
4460092,118556
4460092,11487
4460092,207632
4460092,6595756
471284,332
471284,56680
471284,489363
471284,2755381
471284,1190585
471284,7763558
471284,3392658
471284,15396327
471284,2811973
471284,2660
3383,579934
3383,580622
3383,93560
3383,348368
3383,64490
3383,83821
3383,18211
3383,87015
5207311,115852
5207311,548618
5207311,18202
5207311,164016
5207311,548609
5207311,1046292
5207311,5259
68769,8179
68769,357182
26678,450033
26678,17704
26678,327004
26678,18370
17771,2973
17771,157765
17771,81233
17771,90273
4689264,127841
4689264,55666
4689264,2129
4689264,11487
4689264,17425
4689264,3562
30035,181202
30035,2346585
30035,18259
30035,1847895
30035,134566
30035,4607855
379591,36348
379591,21702
379591,1033
379591,135641
10705678,6567
10705678,125639
10705678,243620
10705678,7624
10705678,83345
10705678,9475
10705678,4915
10705678,70103
10705678,31281
886286,24040
886286,1058208
886286,2785181
886286,14474472
886286,176364
886286,47362
886286,6661
886286,3346
886286,131055
886286,343537
886286,17711
886286,317711
9236,25006
9236,386107
9236,1103520
9236,22
9236,5019
9236,4391
100627,58786
100627,36230
100627,161430
4637590,561802
4637590,2768
4637590,142912
4637590,43944
4637590,99060
13543,724820
13543,211796
13543,1115015
13543,2537
13543,109480
13543,118069
13543,92641
13543,29932
13543,82455
13543,58143
13543,908462
32611,30757
32611,4861483
32611,2756285
32611,104120
32611,93080
32611,550547
3267529,26549
3267529,18110
3267529,228132
3267529,24923
3267529,82988
3267529,490
3267529,212274
3267529,585506
3267529,212162
2941511,2016482
2941511,19749
2941511,235664
2941511,26823
2941511,10753
2941511,229480
2941511,25771
2941511,7349
2941511,518990
2941511,17832
2941511,5427
2941511,26606
2941511,18148
2034236,839042
2034236,18259
2034236,422075
2034236,437113
2034236,115670
2034236,4623
2034236,210185
1925533,62459
1925533,1719613
1925533,1203294
1925533,4651
1925533,227448
1925533,458420
1925533,407866
1925533,437591
1925533,71675
5122699,1482698
5122699,16692
5122699,51947
5122699,241464
5122699,14733
5122699,3764
5122699,280
5122699,324569
18482905,8569929
18482905,6529205
18482905,748981
18482905,1202380
18482905,4576886
18482905,62459
18482905,1202663
18482905,1203294
18482905,407866
59892,3068720
59892,314697
59892,4151756
59892,21855
59892,21816
59892,517846
59892,2223978
59892,18316
59892,72577
188564,166060
188564,566699
188564,27671
188564,586552
188564,786302
188564,784163
188564,862921
188564,165219
188564,22769
10396793,15492
10396793,1044
10396793,2659852
10396793,961754
10396793,18281
10396793,193194
10396793,18058
2893764,840211
2893764,3146910
2893764,839698
2893764,11867605
9287211,2672153
9287211,144294
9287211,10885981
9287211,28318
9287211,174109
9287211,22187
9287211,20522
11968,18212
11968,21674
11968,18070
11968,6412
11968,9308
25047006,24112
25047006,2563
25047006,9072
25047006,679128
25047006,683872
25047006,1400595
25047006,9370
25047006,53679
25047006,501738
25047006,245527
25047006,35253
13869,398986
13869,8781
13869,20915
13869,529691
13869,21561
13869,164223
13869,90418
247468,369187
247468,476346
12317432,1744064
12317432,1123174
12317432,1312
12317432,3777839
12317432,425996
12317432,2563
12317432,123660
12317432,115670
776049,3119
776049,160561
776049,5179
776049,251175
776049,18151
776049,197800
776049,112162
32387701,17457
32387701,4943
32387701,623443
32387701,27679
32387701,8545
32387701,193567
32387701,439135
32387701,170904
15641,383
15641,479
15641,14682
15641,217
15641,336
15641,297518
15641,125939
12133230,17279
12133230,74788
12133230,29409
12133230,115670
12133230,812282
12133230,2563
621063,4932040
621063,136499
621063,151132
621063,6447102
11315,363720
11315,839155
11315,5495
11315,50314
37534,6357
37534,443402
37534,112848
37534,504227
37534,29396
37534,443890
37534,1533
37534,304241
2110323,735559
2110323,2166
2110323,5263474
2110323,399904
2110323,578330
2110323,95042
2110323,14767825
2110323,6404
2110323,577935
5416,732332
5416,31438
5416,371
5416,14682
5416,1130
5416,949
5416,995
5416,479
5416,420
7959,1232
7959,772246
7959,2768
7959,11851
7959,479
877926,1388284
877926,594672
877926,18408225
877926,7953092
877926,18408325
877926,90814
877926,7403930
877926,1309809
877926,13106548
877926,2068690
14532,98979
14532,30036
14532,101939
14532,102018
14532,29530
46417,1704803
46417,408022
46417,114274
46417,167578
719972,74623
719972,58100
719972,2798
719972,2777
719972,1312
719972,2674
719972,45308
719972,25415
719972,8622
719972,12559
719972,24813
719972,2142720
719972,60881
719972,629
719972,2528
719972,332
719972,2796
719972,2563
719972,6305
719972,6952
719972,7015
719972,16787450
719972,3038
719972,2727
11014515,27505
11014515,1089
11014515,7205
11014515,336
11014515,16520
12249252,1720936
12249252,1435
12249252,3777839
12249252,1312
12249252,425996
12249252,2563
12249252,115670
12249252,69814
18119,121802
18119,31719
18119,1464240
18119,2932859
18119,406488
18119,1705173
18119,7327
18119,114274
18119,58285
18119,280319
18119,440940
1077137,4368025
1077137,235684
1077137,3458199
1077137,344516
1077137,971290
1077137,149160
1077137,165475
1077137,971349
1077137,7420
1077137,90690
1077137,9298
5043192,568391
5043192,2727
5043192,32107
5043192,566927
5043192,102013
4732861,2780678
4732861,12394
4732861,8740
4732861,8602167
4732861,304516
4732861,1399216
4732861,762884
4732861,395931
4732861,62459
89847,80094
89847,819365
89847,51870
22468,2113
22468,6601
39660,639650
39660,59588
39660,15775
39660,18371
39660,18297
15247542,235849
15247542,55694
15247542,683
15247542,102414
15247542,5387
15247542,6412
15247542,7749
15295,395217
15295,104510
15295,5019
15295,31595
15295,97391
15295,42
15295,103965
15295,6146
15295,239496
572605,4110967
572605,451694
572605,2768
572605,2009965
572605,116816
572605,327004
572605,260814
572605,634251
572605,451828
572605,116051
572605,451782
572605,175775
572605,487071
572605,74846
1725303,178784
1725303,108603
1725303,872630
1725303,3778905
1725303,485440
29922,3063
29922,18223
29922,6412
29922,9355
29922,18155
29922,9308
29922,18070
29922,18114
29922,2292
29922,18010
168455,10202864
168455,395931
168455,10201703
168455,4220365
168455,1046785
168455,8378627
36165,21597
36165,535198
36165,7766
36165,94789
259106,14742
259106,83345
259106,272421
259106,17522
259106,5825591
259106,2563
259106,230250
12330092,11864
12330092,578258
12330092,957077
12330092,829412
12330092,136499
12330092,2576293
22278,284219
22278,116902
22278,30534
22278,117079
22278,29194
22278,117015
296266,1007610
296266,18207
296266,548989
296266,878584
296266,67060
296266,21733
296266,4651
296266,191867
296266,112652
296266,1719197
296266,12161
296266,7237
296266,598511
296266,43655
296266,18202
8060,2768
8060,1360031
8060,7532
8060,2973
8060,225402
8060,104560
9316,7408
9316,46479
9316,46447
9316,292511
3966054,81351
3966054,75934
3966054,32596
3966054,225852
3966054,327018
3966054,79001
3966054,366095
18762503,149333
18762503,47095
18762503,98428
18762503,26644
18762503,39622
18762503,60503
18762503,4010359
18762503,2563
18762503,11318
18762503,616289
18762503,905434
18762503,2833336
18762503,612056
18762503,46644
18762503,369070
18762503,423409
18762503,403647
44789934,46565
44789934,90970
44789934,1424443
44789934,467866
44789934,8666
44789934,403843
44789934,297406
44789934,363022
44789934,816769
44789934,1883263
44789934,2471791
44789934,60749
44789934,21848
44789934,3114621
44789934,93029
44789934,230355
44789934,259121
44789934,92503
2289648,137443
2289648,51870
2289648,9952
2289648,135944
2289648,2500989
2289648,108861
157233,164329
157233,122173
157233,23923
157233,179638
24095,19238
24095,2768
24095,51
24095,284265
149225,22869
149225,52076
149225,202614
149225,819393
149225,371343
83688,129618
83688,21802
83688,6404
83688,77118
83688,1417318
83688,149911
83688,4673897
83688,2166
929809,132244
929809,517928
929809,42280
929809,858665
929809,23968
929809,100095
929809,532063
12824609,816011
12824609,21753029
12824609,816139
12824609,32956507
12824609,32956115
12824609,18441
12824609,816183
12824609,816016
12824609,2902572
12824609,37014
12824609,44953
12824609,44992
5058690,4750
5058690,90690
5058690,727
5058690,4516
5058690,9298
5042916,905050
5042916,77382
5042916,6412
5042916,14300
5042916,28220
5042916,11524
5042916,24925
8209,173032
8209,2768
8209,5259
8209,12161
8209,18202
8209,17923
8209,43655
26589,472675
26589,842604
26589,2299540
26589,65990
26589,28542
26589,327149
2592336,122159
2592336,812282
2592336,69814
2592336,115670
2592336,689781
2592336,1435
2592336,39702
921237,2563
921237,436032
921237,35778
921237,13458494
921237,210185
921237,4915
11091078,451828
11091078,116051
11091078,451694
11091078,4110967
11091078,50080
11091078,74846
11091078,451782
11091078,327004
11091078,175775
619009,138539
619009,39702
619009,116455
619009,463219
2150841,44890
2150841,1464327
2150841,5392100
2150841,58175
2150841,543726
2150841,400496
2150841,429470
2150841,129386
2150841,3074
5935,10702
5935,4943
5935,72129
5935,23160
5935,129988
5935,17457
5935,8545
5935,428285
5935,439135
5935,174874
5843419,106917
5843419,884162
5843419,1791708
38301,18152
38301,3095
38301,347429
38301,14682
38301,579108
38301,47594
38301,825846
38301,368441
38301,6079
38301,1597
4276475,23248
4276475,125311
4276475,164213
4276475,548618
4276475,23126
4276475,24361
4276475,253912
4276475,103808
52726,292653
52726,1574618
52726,73057
52726,136250
52726,17508
52726,164223
3454,2973
3454,603257
3454,77444
3454,603632
3454,603393
3454,341540
3454,600919
3454,33764
4335,327004
4335,141683
4335,87939
4335,74846
4335,213139
4335,46146
4335,103808
4335,91006
4335,164223
29265,94197
29265,94518
29265,476
29265,93636
29265,46853
29265,9998
29265,857140
29265,612804
29265,58260
29265,93001
29265,96666
29265,857614
29265,93599
15852,32107
15852,17923
15852,18357
15852,1441027
15852,32551
15852,66406
27977,13772
27977,84092
346200,56680
346200,476781
346200,61039
346200,185430
346200,180991
346200,44630
31752,18010
31752,18095
31752,9308
31752,15066
31752,18093
31752,18070
31752,4277
31752,18114
6678,7007
6678,512223
6678,4391
25445,98892
25445,72154
25445,117498
25445,17492
25445,129198
25445,93916
25445,69266
2445129,892568
2445129,2725669
2445129,115670
2445129,1365433
2445129,535603
2445129,34304
2445129,422075
2445129,437113
2445129,4623
8490390,50314
8490390,49024
8490390,2671856
8490390,23836
8490390,22187
8490390,3106951
8490390,588369
8490390,16258
49728,24545
49728,70103
49728,1563
49728,530473
49728,235664
5222,2973
5222,51521
5222,348982
5222,55753
5222,581265
360759,50080
360759,4915
360759,292012
360759,23771
360759,1974704
360759,535541
5488304,949
5488304,3127
5488304,1799343
5488304,1261938
5488304,17355
5488304,11969
1617333,3921950
1617333,12841740
1617333,4767281
1617333,23347
1617333,44630
1617333,70712
1617333,67709
1617333,116455
1617333,56201
18951905,3074
18951905,3384579
18951905,64864
18951905,28260
18951905,250651
18951905,6308072
18951905,581221
18951905,32708
35825,12822
35825,7766
35825,309851
35825,2081
35825,364810
35825,94789
35825,8371
35825,70294
35825,7420
35825,23508
17279743,1352637
17279743,21597
17279743,333770
17279743,29077
17279743,40968
5119376,11684
5119376,6412
5119376,16692
5119376,165501
5119376,18070
240940,413450
240940,1720
240940,2835
240940,19164
240940,2785246
240940,397643
240940,24640
240940,5114
240940,546742
240940,5949211
45246,804198
45246,627878
45246,1627254
45246,4537920
45246,627683
808402,7892905
808402,2793
808402,1287973
808402,1706732
808402,4308464
808402,27930
28480,591473
28480,33724
28480,2780988
28480,3136086
8135890,4448356
8135890,6179
8135890,20522
8135890,27702
8135890,118556
16095,44029
16095,52076
16095,812833
16095,2659152
16095,1800316
16095,21615
16095,292539
16095,18357
738,90806
738,29654
738,94317
720146,2501
720146,3021
720146,74623
720146,2798
720146,2246
720146,24813
720146,2563
720146,1312
720146,45308
720146,8622
720146,1995
720146,32339
720146,2142720
720146,29060
720146,332
720146,6305
720146,16787450
720146,2528
720146,12958
720146,12559
720146,6952
720146,7015
720146,2727
720146,3038
720146,2796
52780,148325
52780,568501
52780,45161
52780,69057
52780,101207
52780,18082
52780,55666
69713,7429677
69713,143564
69713,5563132
69713,103929
69713,3180
69713,21998
69713,2184041
69713,16817
69713,407904
69713,77941
69713,1118015
69713,406445
42068,659267
42068,813393
42068,2684535
42068,464182
42068,2988
42068,1453042
42068,2455185
7723686,2780845
7723686,568042
7723686,207063
7723686,61522
7723686,16949
7723686,18181
7723686,164016
7723686,251466
7723686,9958818
7723686,2805
7723686,5259
7723686,548609
1491364,2358493
1491364,801111
1491364,2805
1491364,27268
1491364,26976
1491364,1157807
1491364,21318619
1491364,743355
1491364,22067
1491364,1028588
1491364,547568
26667,104615
26667,6356
26667,12479
26667,282641
26667,45999
26667,560890
26667,104883
1886892,9741203
1886892,3778065
1886892,13434
1886892,138382
1886892,65439
1886892,3243148
1886892,2836910
1886892,85690
8083,237601
8083,23109
8083,7945
8083,1367511
8083,919221
8083,986543
8083,2059
8083,1176917
1535727,917958
1535727,44304
1535727,576329
1535727,6404
26825,10834
26825,46224
26825,3095
26825,81351
26825,7510
26825,1791707
192481,326767
192481,2557811
192481,778
192481,566579
192481,54353
192481,36151
585896,117797
585896,3347172
585896,1849335
585896,16949
585896,535603
48874,6350
48874,2460
48874,618162
48874,1358
48874,50169
48874,896019
48874,28330
48874,1597
48874,4037
48874,53131
3071213,1796512
3071213,8217
3071213,577680
3071213,73066
3071213,73064
3071213,95042
3071213,735559
3071213,14767825
352699,333424
352699,334706
352699,333847
352699,325581
352699,11340
352699,334683
352699,33184
352699,333697
159172,32104
159172,621150
159172,479133
159172,52076
159172,737805
42010,121415
42010,66533
42010,13321
42010,813393
42010,48286
42010,659267
302808,6473246
302808,235515
302808,1309821
302808,3393
302808,8181485
302808,24331
302808,2181675
302808,32371
3306279,357029
3306279,13967295
3306279,7983387
3306279,517859
3306279,591215
3306279,73066
3306279,4673897
3306279,577691
3306279,149911
3306279,3137745
1369013,1317514
1369013,535634
1369013,4476794
1369013,115602
1369013,2079532
1369013,7673993
1369013,695648
1369013,1479179
1369013,12940
1369013,2079475
1369013,116455
3512033,272421
3512033,2563
3512033,17522
3512033,230250
14724189,1402155
14724189,578399
14724189,24115
14724189,748888
14724189,71675
660333,956061
660333,1422735
660333,16949
660333,535603
660333,17071542
660333,50080
660333,56894
660333,116308
660333,1794
21148,616439
21148,2768
21148,46678
21148,129555
21148,2973
21148,82939
52371,1185
52371,120437
52371,23441
52371,72577
52371,636631
52371,22945
52371,3127
52371,103808
3284182,10071
3284182,167657
3284182,1307725
3284182,272421
3284182,235259
3284182,29617
3284182,87060
3284182,18181
3225498,78737
3225498,186418
3225498,2785
3225498,25715
3225498,3103
3225498,2711
3225498,2498
3225498,186863
3225498,135
3225498,2860
3225498,420
3225498,1996
3225498,478
184474,2768
184474,3510301
184474,66399
184474,40398
184474,114274
16175,21802
16175,9532
16175,400621
16175,82047
582488,1496716
582488,51742
582488,122173
582488,74343
582488,407233
582488,348707
582488,4832042
19285924,266834
19285924,3180
19285924,81003
19285924,5476
19285924,8767
19285924,66769
6097297,112535
6097297,1469
6097297,93916
6097297,14710
6097297,87605
6097297,74609
6097297,38934
6097297,2564
76972,8783
76972,2768
76972,5963
76972,39613
76972,189852
76972,18308
17391,46238
17391,29862
17391,21088
17391,93001
17391,515915
17391,515731
17391,515726
17391,29461
17391,7517
17391,42599
17391,2537
779883,839264
779883,230250
3747,17704
3747,7182
8687,17807
8687,366035
8687,9120
8687,259112
8687,16673
21197,149406
21197,3432
21197,134566
21197,1979935
232190,288320
232190,39594
232190,117797
232190,51792
232190,210185
232190,535603
232190,16949
67147,530634
67147,1015847
67147,45947
67147,983756
67147,799
67147,14133
67147,3652087
67147,31651
67147,337227
67147,112311
3898419,151135
3898419,1158
3898419,39702
3898419,89787
3898419,2641
3898419,5188409
3898419,1472882
3898419,1663
29810,5079
29810,2296
29810,19749
29810,9443
29810,77363
21212,9308
21212,17469
21212,33260
21212,2768
21212,165501
21212,6233
21212,93001
28715,1268486
28715,82925
28715,68380
1656784,60749
1656784,44630
1656784,115505
1656784,476781
1656784,5142
29490,4915
29490,21919
29490,14682
1181487,1198251
1181487,112552
1181487,279756
1181487,798767
1181487,139753
1181487,1663
26847,2415
26847,14682
26847,732332
26847,271
26847,6350
26847,1130
26847,93001
26847,2604
26847,995
26847,2454
26847,920598
26847,1358
26847,2498
623737,280702
623737,84269
623737,10736
623737,1496799
623737,58175
623737,441436
623737,179638
623737,3923893
11217925,22187
11217925,4283486
11217925,4750
11217925,993922
11217925,6404
1025920,2140479
1025920,7893145
1025920,406757
1025920,7359158
1025920,2793
1025920,4121775
1025920,2924840
1025920,3056064
38252,3892261
38252,337667
38252,164223
38252,32122
38252,3375080
38252,784593
38252,1133624
38252,73057
19666611,348227
19666611,92606
19666611,18352
19666611,84986
19666611,92457
19666611,1878243
19666611,83613
27318,71730
27318,45894
27318,343250
27318,413429
27318,3340043
27318,56364
27318,30132
27318,15567
27318,1271507
6040376,39702
6040376,1312
6040376,115670
6040376,18413
6040376,1435
6040376,480066
4077399,840758
4077399,14533
4077399,8780
4077399,396099
4077399,10190927
4077399,16949
64072,26024
64072,53055
64072,40040
64072,22869
5042481,949
5042481,39250
5042481,636
5042481,368441
5042481,22663
5042481,405140
5042481,825846
21241,46479
32770618,2563
32770618,71956
32770618,63629
32770618,2768
32770618,14533
32770618,63626
5593,111224
5593,111872
5593,8909
5593,114093
5593,29654
5593,75851
5593,6395
342825,2542899
342825,31281
342825,476781
342825,430551
342825,326967
342825,568573
342825,3025677
342825,44630
342825,175775
32897,11956
32897,1021857
32897,344064
32897,295637
32897,111223
32897,12442
32897,4445
32897,235894
21255,169043
21255,95185
21255,522922
21255,2560
21255,30095
6479315,83781
6479315,22187
6479315,1479505
6479315,6404
64646,151
64646,86007
64646,334651
64646,4861
64646,905344
64646,165015
64646,28220
64646,29732
64646,399981
64646,906607
64646,193370
17909,1969867
17909,8806
17909,52076
17909,39697
17909,21561
17909,130588
17909,41844
1291598,147890
1291598,377001
1291598,578408
1291598,197307
1291598,147683
1291598,148902
2137845,67086
2137845,735
2137845,48893
2137845,1405766
2137845,1849335
2137845,699121
2137845,13100
2137845,11318
2137845,2563
2137845,210185
2137845,1312
2137845,16949
2137845,126821
345802,5249
345802,76027
345802,94047
345802,120398
345802,144656
345802,53687
345802,151135
2300721,20890
2300721,60677
2300721,26409
2300721,468685
2300721,35837
19499,574538
19499,75317
19499,578012
19499,77118
19499,576905
19499,28318
6886,366035
6886,66400
6886,2134
6886,366698
6886,18093
6886,78436
2337719,476781
2337719,11975932
2337719,3025677
2337719,131141
2337719,327228
2337719,185430
2337719,791372
2337719,476866
2337719,13087708
2337719,180991
2337719,6396
5211,69882
5211,15775
5211,9298
5211,19172
5211,260729
5211,18371
9282173,15124
9282173,415163
9282173,6117
9282173,28883
9282173,40212
9282173,4585
2655089,138193
2655089,327004
2655089,485440
2655089,14698
2655089,395943
2655089,1177307
2655089,839396
2655089,27587
2655089,69038
980836,177449
980836,8664
980836,45183
980836,44850
980836,44575
980836,13321
18646,2996325
18646,2998666
18646,472675
18646,387923
737,91935
737,93031
737,92779
737,91700
737,92598
737,91698
737,91859
737,91426
28249265,50197
28249265,3239423
28249265,2501
28249265,1761526
28249265,82372
28249265,2521463
28249265,550275
28249265,295575
28249265,872253
246185,710229
246185,546742
246185,22862
246185,19164
246185,397643
246185,1997142
246185,83741
246185,90695
246185,276908
772173,13321
772173,72635
772173,11463
772173,8664
772173,43850
765,15775
765,1195
765,102776
765,18371
765,103084
765,3108
765,63468
765,18148
765,777
765,2579
765,102539
765,102593
765,26327
232863,299792
232863,108603
232863,14698
13404,12192
13404,11463
13404,568387
13404,76659
13404,67923
13404,238160
13404,238165
13404,786003
13404,77384
13404,62051
182000,151
182000,5492
564301,7905616
564301,24115
564301,45735
564301,114274
564301,407713
564301,1707828
564301,174997
564301,21847
14229,72588
14229,6203
14229,192122
14229,1646
14229,108668
14229,17814
14229,5200
14229,535
14229,10021
14229,143235
14229,336998
14229,19716
14229,183218
14229,5019
14229,4391
740107,13100
740107,1982
740107,1849335
740107,16949
740107,535603
2872825,21537
2872825,1247
2872825,148459
2872825,5921
2872825,259558
2872825,8423
2872825,34458
2872825,18176
301775,112314
301775,76027
301775,61039
301775,185430
301775,83577
301775,476061
17157886,21594
17157886,2768
17157886,73677
17157886,35218
17157886,77363
931216,243709
931216,292653
215566,22187
215566,2768
215566,532896
215566,7983111
574076,3500792
574076,84269
574076,10368245
574076,127703
574076,430262
574076,46984
574076,8645626
23041,131214
23041,950817
23041,2977278
23041,1955116
23041,234716
23041,83217
23041,260814
23041,4336
25613,118159
25613,1943
25613,2415
4913064,180
4913064,138752
4913064,56588
4913064,609
4913064,33265
424778,369187
424778,175775
424778,2768
5058739,1986615
5058739,82681
5058739,16884
5058739,71791
2190438,9532
2190438,577393
2190438,6179
2190438,85297
2190438,144294
2190438,17671518
2190438,4551
2190438,16611
2190438,20522
2190438,590601
2190438,22187
2190438,1363528
2190438,7412906
630463,185430
630463,11318
630463,44630
630463,23905
630463,6396
630463,22869
630463,175775
164910,2902887
164910,44533
164910,18441
164910,8664
164910,43850
17782843,149842
17782843,399904
17782843,2782692
17782843,18001
17782843,4551
17782843,6404
17782843,2672153
17782843,112276
17782843,6500
17782843,377001
17782843,400221
13187026,548609
13187026,84752
13187026,6661
13187026,118556
13187026,7050861
13187026,3778905
3337980,1176462
3337980,2535468
3337980,29077
3337980,396099
3337980,1103295
3337980,594672
13774,367699
13774,19749
13774,139314
13774,52159
13774,4915
13774,31958
13774,9443
1439517,7836013
1439517,5814800
1439517,44029
1439517,44953
1439517,44787
1439517,816029
1439517,8664
1439517,43850
19379,92483
19379,9308
19379,133307
19379,58850
19379,615
19379,57399
6341469,7217
6341469,304883
6341469,464141
6341469,275391
6341469,935611
6341469,488065
6341469,7353
6341469,183304
6341469,1555298
6341469,3095
6341469,305087
6341469,3127
702579,6179
702579,144294
702579,84752
149286,291180
149286,1706732
149286,407668
727836,160561
727836,272421
727836,17522
727836,230250
727836,112162
31056,4744663
31056,27382
31056,92533
31056,1807671
31341,310456
31341,778
31341,63468
31341,74846
31341,636489
286369,24545
286369,3828044
286369,362173
286369,294712
286369,16692
286369,6412
286369,2768
286369,14872
286369,14733
286369,1252585
286369,275792
18836,2098
18836,2768
18836,33345
18836,8767
18836,6999
18836,13942
18836,35597
18836,56857
11250,387100
11250,2003
11250,323572
11250,30100
11250,128297
11250,10100
11250,179638
19318,18794
19318,895956
19318,21591
19318,120411
3301347,4018
12153654,111675
12153654,127841
12153654,45871
12153654,140999
12153654,86243
12153654,6357
228211,2204
228211,39659
228211,25040
68198,1902845
68198,90452
68198,114274
68198,30575
68198,220499
68198,172615
68198,4651
17414699,124974
17414699,70011
17414699,2198673
17414699,124263
17414699,124207
17414699,83428
6654,2768
6654,1057371
6654,1982
6654,22097
6654,27326
6654,387923
6654,125276
12284930,1123174
12284930,812282
12284930,425996
12284930,1312
12284930,2563
12284930,115670
205522,566541
205522,112580
205522,151291
205522,115918
205522,233522
205522,102872
205522,491097
205522,7358
205522,39355
205522,15088
205522,109212
205522,4944
621119,99103
621119,6305
621119,2625
621119,6952
621119,74623
621119,2674
621119,60881
621119,6576
621119,21433
621119,629
621119,2142720
621119,6124
621119,2968
621119,44498
621119,332
621119,7015
621119,2798
621119,14450
621119,2528
621119,2796
621119,3038
621119,16787450
621119,12559
621119,2727
621119,2563
22015,33663
22015,51940
22015,10112
22015,50080
19848420,327081
19848420,2629788
19848420,233977
19848420,2768
19848420,12462894
19848420,24703876
19848420,262603
19848420,27931
19848420,238927
19848420,221723
19848420,2635984
187749,2768
187749,2973
187749,29831
187749,33821
187749,28214
187749,125613
187749,18794
231475,1206
231475,1312
231475,1034328
231475,280234
231475,3305290
77880,280702
77880,58175
77880,2003
77880,7768967
77880,16817
9313589,144294
9313589,578017
9313589,2768
9313589,118556
9313589,11487
154549,22368
154549,40968
154549,2768
154549,233612
154549,485440
154549,178784
2426650,535634
2426650,4915
2426650,18230667
2426650,14225787
2426650,491065
2426650,24262688
2426650,24262179
2426650,21503613
2426650,23386860
2426650,295522
2426650,535402
2426650,210185
2426650,35778
9228,5259
9228,6287
9228,6695
5042706,357528
5042706,182
5042706,357633
5042706,434734
5042706,14679
5042706,57399
306325,61039
306325,185430
306325,369187
306325,76027
306325,94047
306325,53687
8569916,47377
8569916,30916
8569916,392049
8569916,27810
8569916,8066
8569916,32596
29798,2476947
29798,110276
29798,295630
29798,124983
29798,2768
29798,69585
29798,305087
29798,53170
856,17567
856,80094
2174,114274
2174,407317
2174,21764
853212,15506
853212,3486482
853212,1113510
853212,112543
853212,343891
853212,1908
1097993,1312
1097993,6404
1097993,16898
1097993,19262
1097993,21928
1097993,735
1097993,83345
1097993,11971
1097993,51870
1097993,176531
1097993,73677
19189,2397768
19189,92641
19189,25670
19189,24300
19189,29396
19189,644719
19189,7143
13855,191519
13855,29732
13855,2768
13855,190820
13855,275792
187586,839042
187586,97443
187586,568704
11983070,23508
11983070,2768
11983070,2835
11983070,463308
11983070,2204
68253,77563
68253,1167181
68253,532436
68253,65607
68253,7438
68253,28447
68253,1159
68253,30463
68253,1174
68253,46598
68253,576
68253,45441
68253,28102
68253,30132
31509,138432
31509,1136343
31509,634251
31509,74846
31509,18297
31509,2768
31509,141683
31509,476415
31509,29132
31509,548618
31509,946757
10577,99068
10577,55697
10577,1622338
10577,63210
10577,2661
10577,55517
8841749,390237
8841749,172231
8841749,2768
8841749,51870
8841749,204550
8841749,17567
8841749,80094
9087364,91003
9087364,2501
9087364,157765
9087364,93200
9087364,93203
9087364,320153
9087364,422484
9087364,107011
9087364,21549
9087364,334789
4349459,33776
4349459,322660
4349459,31019
4349459,119671
4349459,445084
4349459,44751
4349459,53131
3415,30132
3415,134918
3415,217025
3415,93544
3415,30046
3415,70056
3415,95185
16100029,18441
16100029,43850
16100029,44029
16100029,45065
16100029,543231
16100029,83225
27936,164208
27936,1982
27936,72031
27936,141683
27936,158098
27936,103808
27936,164004
27936,29132
5489,490082
5489,186697
5489,46542
5489,6493
5489,424072
5489,21919
5489,23173
18110,9443
18110,4944
18110,3764
18110,914
18110,17807
18110,164975
18110,7353
21231,13772
21231,12950
21231,821514
21231,70101
21231,164223
21231,161430
23037,21561
23037,36230
23037,39902
23037,164223
23037,2415
23037,894404
23037,8781
23037,90418
32817,6350
32817,46238
32817,72448
32817,25840
32817,26644
32817,18148
32817,1392558
32817,297360
32817,160067
32817,37818
13623554,39902
13623554,825846
13623554,22663
13623554,211892
13623554,6079
13623554,18152
13623554,771670
165507,10073795
165507,77556
165507,828017
165507,2166
165507,137543
165507,11026
32070,2589
32070,16928
32070,9308
220160,114274
220160,16880
13763276,69814
13763276,18413
13763276,101207
13763276,727058
13763276,115670
13763276,1435
13763276,31281
13763276,122159
13763276,689781
45324,17923
45324,272421
45324,203254
45324,230250
45324,17522
91155,260231
91155,2768
91155,35079
91155,114274
91155,406470
91155,227425
11659694,146998
11659694,21365854
11659694,11415226
11659694,3812642
11659694,16692
11659694,47270
11659694,431285
11659694,29740
11659694,5203110
11659694,232509
11659694,330101
11659694,8568
11659694,24035
11659694,819598
11659694,364810
11659694,184661
11659694,7062689
1170565,2768
1170565,65128
1170565,99856
7765099,115918
7765099,97283
7765099,47499
7765099,186541
7765099,1324437
7765099,90045
7529378,9475
7529378,1321203
7529378,17704
11983273,177524
11983273,15338324
11983273,96742
11983273,151868
11983273,333847
11983273,13012448
11983273,22187
11983273,334706
11983273,333697
4099353,221723
4099353,207632
4099353,1919609
4099353,2672183
4429395,15282
4429395,919221
4429395,3010144
23440,71591
23440,3736398
23440,3736251
23440,30743
23440,9024
23440,189439
23440,2398111
23440,3735842
23440,75555
23440,178699
497525,60677
497525,431790
497525,18082
497525,165219
497525,341833
57802,405749
57802,407335
57802,820726
57802,2035030
57802,2198014
57802,114274
57802,1276791
11867,90677
11867,23155
11867,207349
11867,68523
11867,1607213
11867,565309
11867,24505
11867,341140
11867,83483
11867,127733
11995813,115903
11995813,7431
11995813,3495573
11995813,349455
11995813,13100
11995813,116308
11995813,1849335
11995813,56894
11995813,16949
14653,98332
14653,465497
14653,55406
14653,724893
14653,412272
14653,1106677
14653,18848
14653,611878
14653,1685527
14653,194364
937472,3325672
937472,2173248
937472,29077
937472,2173165
937472,16949
937472,175853
17867,326989
17867,1248285
17867,121458
17867,98611
17867,5138
12,1393
12,1878
12,1615
12,877
12,158
12,163
12,1130
12,1470
12,371
12,995
12,1777
12,2498
12,557
12,420
1342873,56790
1342873,8403
1342873,334651
42142305,448144
42142305,66769
42142305,6448
42142305,1581493
42142305,57124
42142305,84952
42142305,291213
42142305,66921
42142305,587859
42142305,92503
42142305,11463
20455,16053
20455,19164
20455,18281
20455,5114
20455,387923
20455,150926
20455,24640
20455,16880
20455,18097
211583,5963
211583,2768
211583,491435
211583,146770
211583,508369
211583,20936
166202,1211194
166202,512223
166202,75333
166202,825936
166202,402677
166202,2415
166202,277553
166202,692420
166202,356359
166202,6493
438022,149406
438022,56201
438022,33062
438022,42233
438022,116455
42173,1898724
42173,1872399
42173,141105
42173,491480
42173,1285335
42173,256985
42173,114274
42173,10100
42173,994306
20595373,254865
20595373,1533939
20595373,10400163
20595373,10400182
20595373,112640
332400,1536050
332400,863294
332400,81363
332400,811691
332400,69899
332400,4491683
332400,7329
332400,403614
609825,1707438
609825,1706732
609825,890890
609825,6924461
609825,1707463
2898752,1352637
2898752,2163419
2898752,1346101
2898752,944989
2898752,4491683
2898752,112775
32851,383
32851,453
32591,22004
32591,5798
32591,59371
32591,211796
32591,20398
32591,36348
32591,615
32591,3127
32374,77637
32374,2973
32374,2768
32374,47871
32374,53131
32374,28330
884607,567111
884607,1917017
884607,9546846
884607,2517457
884607,326967
13425800,5046409
13425800,348536
13425800,403838
13425800,193881
27862,200967
27862,3562
27862,127841
27862,51079
27862,55666
27862,11487
27862,200254
34071,77118
34071,957365
34071,576384
34071,577316
34071,3127
34071,403796
34071,5095718
34071,366698
13275,313465
13275,2199837
13275,84347
13275,123683
13275,77379
13275,383421
13275,125606
13275,313487
13275,20823
39027,137154
39027,722199
39027,477791
39027,326079
863,15066
863,16646
863,18201
863,6412
863,9308
863,17832
454401,2106865
454401,1282992
454401,6396
454401,138820
454401,1905237
454401,476866
454401,39121
454401,180991
454401,185430
454401,44630
7515928,2973
7515928,268580
7515928,2768
7515928,29549
249623,514
249623,25541
249623,164182
249623,116829
249623,1887504
249623,55025
249623,90831
16772,169043
16772,82925
16772,6233
16772,134863
16772,1351
16772,824599
16043,312318
16043,5963
16043,15124
16043,33241
16043,46644
16043,40212
16043,68523
16043,518990
16043,28883
16043,4585
16043,17775
33158,1982
33158,2768
613534,28563
613534,411367
613534,33184
613534,16701164
613534,2726
613534,35185
613534,177524
613534,334651
10682197,1401753
10682197,15487880
10682197,9361653
10682197,325869
10682197,1718481
10682197,1007610
19568112,2464
19568112,53703
19568112,1982
19568112,546663
19568112,56856
879605,10385204
879605,7239790
879605,29833
879605,17801
879605,2022031
16707,164223
16707,12950
16707,2593
16707,161430
36164,77665
36164,4585
13373,2973
13373,2768
13373,6079
13373,985782
13373,10881
13373,30990
1778716,1982
1778716,3127
1778716,16611
990655,21577
990655,2563
990655,8204048
990655,4970189
990655,19106529
990655,441579
990655,225135
990655,8203979
990655,284946
990655,287207
990655,2027611
9358672,1261484
9358672,48893
9358672,14533
9358672,50080
9358672,568458
9358672,17560
4269567,903937
4269567,502034
4269567,57231
4269567,199054
77808,118556
77808,170211
77808,37677
77808,2371824
77808,178784
682482,2537
682482,4391
682482,7007
682482,7349
682482,32596
682482,136
1092923,4602
1092923,15572
1092923,104215
1092923,4944
205565,2653525
205565,9940
20653,2835
20653,510460
20653,479133
20653,66533
20653,54990
20653,87131
20653,39252
20653,1044169
15043,67379
15043,6085
15043,17761
15043,446752
15043,68293
15043,66046
64976,800073
64976,18116
64976,87721
64976,6447
64976,230821
64976,8795
64976,448970
64976,162264
64976,3108
1328236,4750
1328236,7014
1328236,6553
1328236,21919
1328236,17400
1328236,7135
34059,144549
34059,268430
34059,749500
34059,173169
34059,106781
34059,106767
34059,37692
34059,9308
5043544,16913
5043544,52164
5043544,16684
5043544,1222
5043544,9308
5043544,30714
5043544,16928
1205872,798767
1205872,1908
1205872,450827
1205872,1663
1205872,139753
1597099,21755
1597099,2052034
1597099,2051735
1597099,43464
1597099,2051000
1597099,57996
1597099,23547
1597099,464695
1597099,9321
665823,76027
665823,369187
665823,164151
665823,185430
665823,475966
665823,53687
32587,143
32587,22004
32587,32
32587,6476
32587,345868
32587,337614
32587,615
32587,275226
32587,18058
74813,1192679
74813,53055
74813,164039
74813,2810832
74813,7624
74813,22869
16894,577117
16894,45700
16894,1247
16894,577677
16894,577760
16894,33724
16894,21591
60070,590504
60070,164223
60070,575687
60070,1247
60070,590565
60070,575860
60070,377001
60070,399904
181173,98654
181173,4861
181173,817416
181173,472141
181173,47377
181173,29476
181173,131322
181173,24376
181173,8806
2453243,1082390
2453243,2620623
2453243,17969
2453243,1917748
2453243,49983
2453243,212303
2453243,262089
2453243,144294
2453243,330206
26748,2768
26748,46479
26748,2973
26748,4045
26748,2537
26748,6557
26748,90687
979542,4508297
979542,1287839
979542,14568115
979542,18300318
979542,227425
979542,407679
979542,1609350
979542,14567991
979542,449755
979542,407076
604727,6483
604727,104130
604727,2768
604727,199601
604727,8403
2236472,29024
2236472,253912
2236472,103808
5042765,33821
5042765,2537
5042765,136
80696,73066
80696,11684
80696,4338103
80696,590976
80696,18357
80696,1025573
80696,3891611
80696,148223
80696,17895
80696,1351772
356167,185430
356167,23248
356167,175775
9781722,274359
9781722,60123
9781722,1477462
11121,14733
11121,2589
11121,27671
11121,635754
11121,5495
11121,29627
339,26613
339,18152
339,24916
339,26570
339,14133
339,26664
339,25771
339,18998
339,26300
339,1777
339,26768
339,10962
13595,672370
13595,54856
13595,29476
13595,446846
13595,447801
13595,20318
13595,447832
13595,84877
13595,137372
13595,447518
47646,2498
47646,2768
47646,1044
47646,125613
47646,847891
47646,843034
47646,6476
108956,4750
108956,10921
108956,4944
108956,4516
108956,18197
34669,39440
34669,12236
34669,19469
34669,176316
34669,17633
34669,176082
16779,141194
16779,4445
16779,140825
16779,9308
16779,2292
16779,3653
19527,2768
19527,3124
19527,18152
19527,99921
19527,1597
1745270,109151
1745270,172633
1745270,34304
1745270,422075
1745270,4623
1745270,210185
1216,224951
1216,2768
1216,125667
1216,225175
1216,5963
1216,225390
1216,6395
1216,111224
30535,21674
30535,6500
30535,18070
30535,9308
30535,17552
3391396,116999
3391396,117523
3391396,1530
3391396,98979
3391396,117079
3391396,111224
3391396,5963
3391396,117038
3391396,117015
3391396,9074
3391396,116987
3391396,4585
23243880,7482
4294,46249
4294,46829
4294,197307
4294,2946
4294,1358
4294,731784
4294,14133
4294,731729
4294,62654
4294,46447
4294,218359
4294,84738
426208,37343
426208,72129
426208,986082
426208,104209
426208,18299
426208,188564
426208,18357
426208,18148
426208,102013
20878980,11389762
20878980,2140479
20878980,2793
20878980,1381077
20878980,8010741
26743,2768
26743,2098
26743,49024
26743,90703
26743,275108
26743,41622
26743,464232
26743,714814
26743,27418
966943,61333
966943,487148
966943,356685
966943,9162182
966943,46677
966943,53055
966943,230274
966943,839042
966943,5215493
21217,2768
21217,11524
21217,9120
21217,6287
21217,36032
21217,2292
21217,140883
639842,3778905
639842,3922707
639842,17279
639842,175853
639842,3778953
639842,122159
639842,2998385
639842,1435
35983,8423
35983,176316
35983,173744
35983,8371
35983,70294
35983,364810
35983,7420
35983,23508
178244,35725
178244,171955
178244,144756
178244,73057
1229550,6069545
1229550,1586665
1229550,5813725
1229550,14089415
1229550,112242
1229550,2772578
1229550,134637
1229550,2932821
1229550,12874
2685664,4491683
2685664,1124170
2685664,161400
2685664,151482
2685664,863294
2685664,112775
2685664,943731
2685664,4489045
2685664,956061
3607937,18087
3607937,159971
3607937,9666
3607937,68272
3607937,92718
3607937,30528
3607937,1914
3607937,30132
27358,2768
27358,2973
27358,28561
27358,2003
27358,18794
27358,29831
1348,249198
1348,2973
1348,82925
1348,2768
1348,248189
1348,89094
1348,246306
30706524,3168
30706524,83113
30706524,18709
30706524,30256
30706524,6356
30706524,32949
30706524,30178
30706524,30084
30706524,975691
30706524,30225
30706524,2452675
30706524,46644
45139,177524
45139,76867
45139,107055
45139,24300
45139,112848
45139,2778169
45139,4437662
45139,2397667
45139,405492
45139,1929
33589,1247651
33589,861398
33589,4944
8618,165546
8618,58175
8618,43522
8618,292575
8618,280745
8618,388991
8618,1496224
8618,1496242
8618,179638
8618,1496184
3149861,3026332
3149861,16949
3149861,41595
783,899
783,12144
783,29556
783,29654
667601,272421
667601,21724
667601,230250
667601,1461451
667601,30365
667601,46206
667601,17522
37817659,384288
81361,4750
81361,69063
29838,53679
29838,1995
29838,40040
29838,22869
29838,166843
1673471,85297
1673471,1725723
1673471,3137440
1673471,118556
1673471,207632
1673471,11487
25433,4037
25433,9308
25433,17386
719911,58100
719911,2798
719911,1312
719911,24813
719911,2777
719911,45308
719911,8622
719911,12559
719911,2142720
719911,2563
719911,60881
719911,629
719911,2528
719911,332
719911,6305
719911,11539
719911,6952
719911,7015
719911,2796
719911,16787450
719911,2727
719911,3038
13736167,2127109
13736167,89424
13736167,18357
13736167,66406
657682,6081
657682,61333
657682,53055
657682,388525
30741795,2452675
30741795,50163
30741795,83113
30741795,77382
30741795,18303
30741795,40870
30741795,30333
30741795,11318
30741795,1199674
30741795,78463
30741795,119565
30741795,30256
30741795,18365
30741795,975691
30741795,81790
19339193,1535906
19339193,326007
19339193,436032
19339193,4915
19339193,35778
19339193,210185
19339193,33490
19961,280745
19961,114274
19961,1181141
19961,30100
19961,2926621
19961,179638
144171,7199141
144171,24686
144171,578410
144171,578288
144171,6404
5079506,986678
5079506,559925
5079506,10405
5079506,39073
5079506,66381
5079506,18357
3463364,20522
3463364,1124170
894013,919221
894013,36151
894013,566579
894013,83741
217226,105746
217226,952580
217226,11487
217226,5259
217226,357182
217226,154433
14579,705256
14579,341096
14579,89352
14579,1738
14579,111282
14579,55666
20076,6356
20076,3037
20076,2052
20076,83345
20076,1044
25734,1204989
25734,913900
25734,45321
25734,18308
25734,61974
25734,76661
25734,22588
25734,62093
25734,84455
25734,76780
25734,76656
25734,2560
25734,9141
25734,17890
16743,7408
16743,18644
16743,27418
16743,593627
16743,18285
16743,31438
16743,2454
16743,1597
21113831,387870
21113831,1509997
21113831,4110928
21113831,4110926
21113831,4858
21113831,1216563
21113831,2286855
21113831,1383524
21113831,387126
21113831,946757
23745,1435
23745,450827
23745,39702
23745,69814
5622007,1158
5622007,2563
5622007,1312
5622007,6515574
5622007,7390097
5622007,1198882
5622007,15345
5622007,46249
5622007,114427
5622007,8179
5622007,27862
5622007,178880
25821,8767
25821,1021857
25821,870827
25821,111223
25821,12442
5179207,37266
5179207,1217776
5179207,15061238
5179207,1608
5179207,1534022
5179207,1039822
5179207,4655110
5179207,498132
5179207,92557
5179207,98611
5179207,1034328
25473,8513
25473,104120
25473,16692
25473,17386
25473,165192
44275267,280626
44275267,245890
44275267,36935
44275267,29396
44275267,119760
44275267,20936
80103,51175
80103,17923
80103,85368
80103,17704
80103,53687
80103,15659
19457,289107
19457,2973
19457,504978
19457,18441
19457,77542
19457,83802
19283335,5346
19283335,9308
16749,42203
16749,601562
16749,318758
16749,284758
19001,3547
9209651,383
9209651,336
9209651,15567
9209651,3192
9209651,14682
5898214,2811973
5898214,3582189
5898214,22944
5898214,251235
5898214,380066
5898214,650381
21473,207249
21473,30446
21473,24545
21473,6528
21473,37470
21473,27536
21473,14962
21473,35597
3354,111991
3354,565193
3354,87642
3354,125625
3354,8066
3354,127733
11986,2009745
11986,1452636
11986,245796
11986,427589
2377,444914
2377,445607
2052702,299792
2052702,14698
2052702,3778905
24437894,17822
24437894,17807
24437894,366035
24437894,17775
5326,474503
5326,103965
5326,103655
5326,395217
5326,34574
670910,357843
670910,9534
670910,102470
670910,3463
670910,1869118
670910,346343
670910,72369
670910,6476
670910,15775
670910,280
670910,102636
670910,104510
14914,18645
14914,5963
14914,41622
14914,57543
14914,8767
14914,89565
14914,149743
14560,18283
14560,68901
14560,1034602
14560,147464
14560,46798
5905720,230250
5905720,3347868
5905720,840778
5905720,3511067
5905720,5903968
5905720,24262
5905720,6469437
22093,4278
22093,1982
22093,24640
22093,22862
22093,5079
37313,33677
37313,33228
37313,3804875
37313,115451
37313,39668
947583,14742
947583,17522
947583,272421
947583,18181
947583,230250
3138,136488
3138,19142
3138,47377
3138,10017
3138,54914
3138,104244
31750,639995
31750,8536
31750,30855
31750,276691
31750,99056
31750,52997
31750,150593
31750,7613
31750,48669
1355448,2768
1355448,277397
1355448,3374397
1355448,452659
1355448,1581492
1355448,1281118
1355448,341833
1355448,35837
45661106,11487
45661106,46249
45661106,363560
45661106,10654122
45661106,23499
45661106,33623
2162222,6396
2162222,2768
2162222,53687
2162222,369187
7907317,415155
7907317,48103
7907317,1066
7907317,15124
7907317,89446
7515964,2558257
7515964,1982
7515964,132358
7515964,2768
7515964,2973
7515964,2558305
7515964,1476967
7515964,29524
1273596,16817
1273596,120940
1273596,90418
1273596,894404
1273596,17822
34598,17633
34598,12236
34598,176316
34598,176082
97218,393022
97218,2935821
97218,303246
97218,2937108
97218,10497
97218,4915
97218,447453
97218,54856
97218,447518
97218,672070
97218,446737
97218,447832
3343,58433
3343,2768
3343,20868
3343,2973
3343,218586
3343,156136
3343,7428
7412236,30256
7412236,57399
19117026,5316565
19117026,34972650
19117026,9246193
19117026,2768
19117026,42927
19117026,718922
46313,25554
46313,2768
46313,154433
46313,341379
36517,1293433
36517,736700
36517,3180
36517,52076
36517,1293537
36517,3054
36517,164195
36517,1309339
36517,772928
36517,87131
36517,282741
702117,164016
702117,164213
702117,6081
702117,16949
702117,24361
702117,103808
702117,253912
720156,3092
720156,629
720156,2563
720156,74623
720156,29060
720156,2246
720156,6305
720156,45308
720156,12958
720156,32339
720156,60881
720156,3021
720156,6450
720156,2142720
720156,6124
720156,2528
720156,332
720156,1312
720156,3038
720156,6952
720156,16787450
720156,12559
720156,7015
720156,2796
720156,2727
37556,20116
37556,4457
37556,3043844
37556,604
37556,3896
37556,3860
37556,27514
37556,3547
37556,4846
37556,4037
2222596,18760
2222596,11360905
2222596,11360912
2222596,12409176
2222596,23691225
2222596,11360950
2222596,11361081
2222596,11361094
2222596,2309759
2222596,5282737
2222596,2727
2222596,1297172
2222596,49983
2222596,20047492
2222596,6032384
2222596,11361155
2222596,11360918
2222596,19592865
2222596,11360883
2222596,2003
325329,28227
325329,297518
325329,17492
325329,9308
325329,35344
325329,46331
325329,77893
325329,14682
69880,39146
69880,2608
69880,383
69880,9308
69880,81150
69880,6356
168715,32107
168715,1586
168715,10221790
168715,4066635
168715,1932
168715,35045
168715,147040
168715,186601
168715,48504
168715,118381
7738,1319883
7738,7420
7738,238570
7738,621223
7738,337028
7738,138496
7738,207019
7738,336976
7738,285594
7738,26461
7738,4846
7738,67009
7738,17814
7738,6421
29487240,24274388
29487240,10262500
29487240,9095584
29487240,388919
29487240,8659979
29487240,3861958
29487240,12914461
29487240,10478246
29487240,1066290
29487240,1105738
29487240,8616912
29487240,10260454
37032,569252
37032,24112
37032,679128
37032,1400595
37032,8226
37032,1153481
37032,74768
37032,35253
37032,245527
3504698,6179
3504698,4551
3504698,16611
3504698,590601
3504698,12967548
3504698,118556
3504698,22187
3504698,7145
3504698,577853
161515,276751
161515,1133624
161515,5271694
161515,35985
161515,12950
161515,164223
161515,154052
161515,144756
161515,73057
652402,76027
652402,475966
652402,476781
652402,185430
652402,175775
652402,164151
3703446,3095
3703446,31598
3703446,6421
3703446,1777
1204377,3923208
1204377,956554
1204377,20194396
1204377,6715
1204377,47597
1204377,347651
1204377,12272
1204377,2770775
1204377,2252251
18562,23140
18562,1316703
12731,3054
12731,3180
12731,121415
12731,17923
12731,92533
12731,11467
12731,21733
12731,58112
12731,18357
10292532,3778905
10292532,221723
10292532,84752
31045316,1130
31045316,192469
31045316,2415
31045316,93001
5042862,62093
5042862,9141
5042862,61974
5042862,70038
5042862,7014
5042862,55542
1213838,6052790
1213838,517846
1213838,41012
1213838,203057
1213838,22944
1213838,21816
1213838,103808
1213838,2457332
168540,7945
168540,9277323
168540,29617
168540,919221
168540,2059
32706,159412
32706,16830
32706,25733
32706,5259
32706,53461
32706,225183
32706,6412
32706,127879
32706,903
1902036,1228657
1902036,1847751
1902036,11706026
1902036,22729205
1902036,3404311
1902036,8045
1902036,6302012
1902036,2007003
1902036,3393667
1902036,190507
1902036,2438052
1902036,17483
42734,5690260
42734,19836
42734,2181192
42734,141081
42734,359044
42734,5690127
42734,312864
42734,3108
42734,1332575
42734,7353
42734,90636
42734,37907
42734,392160
42734,21357
15808914,28520
15808914,5604
15808914,29382
15808914,30463
15808914,28151
15808914,175860
15808914,49481
15808914,94789
15808914,245790
15808914,95829
15808914,9998
15808914,29461
15808914,29217
838950,334706
838950,18146382
838950,11340
838950,18146225
838950,3591935
838950,112276
838950,333847
838950,333697
838950,7118481
838950,33184
8024324,3347795
8024324,321359
8024324,4646775
8024324,30686345
8024324,946201
8024324,4333618
8024324,840552
8024324,962873
8024324,236014
8024324,260126
8024324,17454
8024324,634251
8024324,1250828
7954681,6966
7954681,906677
7954681,2003
7954681,820837
7954681,340962
4391,765148
4391,763828
4391,12394
4391,762596
4391,763003
4391,762332
4391,762204
4391,764485
39120733,15411
39120733,21512
39120733,43946
39120733,66809
39120733,8918
39120733,60813
39120733,18110
39120733,37135
39120733,46650
39120733,24237
39120733,167661
39120733,35392
39120733,422484
39120733,18303
15613,3375
15613,456807
15613,2768
15613,20915
15613,2204
15613,145010
15613,19142
15613,887485
11633375,51191
11633375,193213
11633375,1007638
11633375,32442980
11633375,662594
11633375,326161
11633375,4551
11633375,923531
13913,33241
13913,1107
13913,110852
13913,518795
13913,77104
13913,18058
13913,390742
13913,200426
13913,15124
13913,1943
13913,854348
13913,193890
13913,24335
11762000,33062
11762000,2330
11762000,70712
11762000,190507
11762000,112634
11762000,23109
11762000,116455
13919,240102
13919,2308295
13919,193890
13919,136189
13919,110852
13919,35597
13919,275528
13919,90273
13919,192949
13919,2308534
13919,87229
13919,97185
21211,1982
21211,47377
21211,3078
1678965,1251600
1678965,1297623
1678965,1251595
1678965,413639
1678965,2672153
1678965,21761
1678965,21760
1678965,2114
1678965,5751992
1678965,517846
140332,166843
140332,26780
140332,53055
140332,1581745
140332,749007
140332,1202434
140332,1817725
140332,39381
140332,40040
140332,22869
349303,2768
349303,2973
349303,97862
12124974,74788
12124974,1744064
12124974,69539
12124974,69814
12124974,7015
12124974,1123174
12124974,425996
12124974,812282
12124974,115670
12124974,2563
12124974,1312
14498090,468811
14498090,125518
14498090,576419
14498090,7994
14498090,498967
771,2768
771,106902
771,18156
771,9308
771,83467
771,14762
1078,3475
1078,12843
1078,18058
1078,1044
1078,97291
1078,64277
1078,33241
1078,15124
9334,1982
9334,2768
9334,2973
9334,407672
9334,20267
9334,74343
7650157,2072025
7650157,157311
7650157,6608986
7650157,2996690
7650157,73057
11388236,27480
11388236,191864
11388236,39902
11388236,75935
11388236,85415
438904,369187
438904,175775
438904,94047
438904,185430
438904,476781
438904,476866
18524,609
18524,23173
18524,119236
18524,580570
18524,104560
18524,366095
3245628,467701
3245628,1106273
3245628,2799980
3245628,1034328
3245628,1206
3245628,280234
3245628,3476582
3245628,573562
719923,74623
719923,2798
719923,1312
719923,45308
719923,2936
719923,8622
719923,58100
719923,2777
719923,24813
719923,2563
719923,11539
719923,2142720
719923,60881
719923,12559
719923,629
719923,2528
719923,332
719923,6305
719923,6952
719923,7015
719923,2796
719923,16787450
719923,2727
719923,3038
7514833,116455
7514833,1663
7514833,42233
7514833,28922
7514833,70712
12108,29654
12108,6395
12108,111224
12108,9074
2569378,896313
2569378,10935
2569378,4750
2569378,957
37650258,333697
37650258,90609
37650258,333847
37650258,6761091
37650258,14336
5043324,83467
5043324,727779
5043324,91759
5043324,297779
5043324,24051435
5043324,35597
5043324,83613
406859,327549
406859,1932
406859,54111
11125639,29654
11125639,117140
11125639,117523
11125639,93651
11125639,979848
11125639,77589
11125639,117655
11125639,91958
27019,956474
27019,1014314
27019,23372
27019,76644
939380,49983
939380,2563
939380,74788
939380,134566
939380,49996
939380,530613
939380,164115
939380,26976
440467,56680
440467,568573
440467,175775
440467,3025677
440467,44630
9089624,2768
9089624,16949
9089624,7390705
9089624,210185
201936,112562
201936,450
201936,35597
201936,29009
201936,347429
17416221,237565
17416221,28054
17416221,60601
2632114,24744942
2632114,2768
2632114,7945
2632114,306956
34703,39440
34703,19469
34703,176316
34703,12236
34703,176082
16972981,29654
16972981,20986
16972981,990581
16972981,3565
16972981,6999
16972981,1934489
16972981,6395
16972981,9074
16972981,116950
16972981,20129
2893218,784737
2893218,44666
2893218,8452807
2893218,460770
2893218,54111
172997,2768
172997,64724
454272,477270
454272,7084299
454272,131141
454272,14319632
454272,175775
454272,138357
454272,430551
454272,3025677
454272,44630
98301,164213
98301,108909
98301,53687
98301,4514
98301,16711
98301,548618
98301,634251
142238,66533
142238,13179
142238,5654
142238,17923
142238,83179
142238,39096
12133243,1123174
12133243,29409
12133243,1720936
12133243,1020887
12133243,812282
12133243,69539
12133243,425996
12133243,69814
12133243,2563
12133243,115670
378254,9391249
378254,39250
378254,14225650
378254,67086
378254,1435
9239,23155
9239,28220
9239,27856
30128,2768
30128,2973
30128,69805
30128,7014
30128,78279
30128,453
12137073,1561440
12137073,11933140
12137073,535634
12137073,115903
424547,50080
424547,782222
424547,19829
424547,535603
1047970,112785
1047970,54509
1047970,1499891
999957,12811664
999957,19172338
999957,762527
999957,6082971
999957,578010
999957,3127
2200527,37042
2200527,2768
2200527,52523
178771,1808
178771,378197
178771,2768
178771,6082
178771,27858
558500,1670
558500,2173958
558500,2814
558500,149160
558500,1015182
558500,164223
17416342,16053
66299,11426
66299,5422
66299,1973130
66299,133679
66299,472141
66299,47377
66299,2928
66299,8806
2589713,25131
2589713,55256
2589713,155473
2589713,8767
146167,23337
146167,2929
146167,2059
146167,400471
146167,7945
146167,5408
146167,81296
18987,3056373
18987,2793
18987,5963
18987,79001
60098,7204
60098,235664
60098,90220
60098,24545
60098,865855
60098,37983
60098,65104
10114596,4463223
10114596,144294
10114596,11487
10114596,118556
28606,548647
28606,1046073
28606,20522
28606,4434417
28606,4434525
2299922,118556
2299922,2672183
2299922,21543
2299922,207632
2299922,1919609
42345073,234851
42345073,69639
42345073,3262
42345073,6305
42345073,12006430
42345073,1089
42345073,848680
42345073,104172
42345073,2032221
149183,44706
149183,160190
149183,47499
149183,2005181
149183,2005131
149183,577043
722403,118556
722403,143994
722403,577393
722403,17559440
722403,6179
1117939,8780
1117939,114274
156587,272421
156587,18181
156587,17522
156587,230250
4721,62
4721,5963
4721,14133
4721,615128
4721,158061
4721,106347
26961,96772
26961,9067
26961,30066
26961,2003
26961,18848
26961,10661
26961,97185
26961,92513
26961,38933
494681,2563
494681,29776
494681,1201978
494681,2866989
494681,118556
494681,590627
494681,144294
26903,6857
26903,222709
26903,222663
26903,5259
26903,36108
212370,334841
212370,77167
212370,195675
212370,8385798
212370,2049068
212370,9087
1537,152563
1537,5446
1537,17814
1537,2501
1537,6417
1537,207019
1537,286144
1537,5872
1537,138452
1537,4135
1537,72588
1537,285994
1537,4554
1537,6421
1806,327067
1806,39200
1806,325931
690083,175690
690083,5485923
690083,115505
690083,121149
690083,654782
690083,2417172
690083,175775
690083,429149
690083,654829
690083,175579
690083,22869
690083,44630
1008974,20573
1008974,12182308
1008974,17329013
1008974,431835
1008974,8068142
1008974,10361792
1008974,441595
8377,207349
8377,759
8377,29732
8377,2768
8377,1200919
55447,104440
55447,23771
55447,450033
55447,18370
55447,295878
690256,180991
690256,185430
690256,94047
690256,61039
690256,44630
690256,369187
1660277,1202726
1660277,41250
1660277,326967
1660277,1032913
2122,391311
2122,391320
2122,41622
2122,6392
2122,3672
2122,103137
2122,57543
2122,210556
2122,23508
2122,391240
2122,90902
2122,196981
2122,391283
24573,861398
24573,2768
24573,135859
523032,2170149
523032,3980145
523032,400471
33879,137443
33879,24030
33879,12192
33879,38855
33879,1366
33879,108861
33879,11487
9317,23155
9317,986038
9317,207349
9317,82939
9317,2723
9317,46690
9317,98654
9317,127733
2257672,115903
2257672,13100
2257672,535603
2257672,50080
2257672,1849335
2257672,116308
2257672,16949
2257672,56894
719937,9069
719937,74623
719937,2674
719937,2798
719937,1312
719937,2777
719937,12559
719937,45308
719937,24813
719937,8622
719937,2142720
719937,60881
719937,2563
719937,629
719937,2528
719937,332
719937,6305
719937,2796
719937,6952
719937,7015
719937,16787450
719937,3038
719937,2727
287673,533723
287673,396496
287673,164213
287673,2022067
287673,138838
287673,674677
287673,5532555
287673,10265124
287673,12750218
287673,2148774
53862,39702
53862,12085
53862,18370
53862,87939
53862,73677
53862,493
53862,16711
69708,406375
69708,430165
69708,605804
69708,2454710
69708,120463
69708,77941
69708,171317
69708,13321
69708,407893
69708,205654
69708,23656
69708,3180
23805,5963
23235,355800
23235,75550
23235,119070
23235,30790
23235,1066
23235,181823
23235,16143
23235,93008
23235,1988
23235,33764
23235,2809948
10201245,9752
10201245,69814
10201245,69539
10201245,74788
10201245,1312
10201245,2563
10201245,115670
10201245,812282
4132613,577562
4132613,576743
4132613,576392
4132613,73066
4132613,577061
4132613,356691
306723,185430
306723,144656
306723,151135
306723,369187
306723,476781
306723,53687
306723,94047
2574542,15232802
2574542,15503877
2574542,673460
2574542,23582482
2574542,1119321
2574542,2227133
2574542,2591729
2574542,9429536
2574542,3327610
2574542,3137272
2574542,216639
7473,1287978
7473,114274
7473,407412
7473,1286782
7473,429861
7473,405977
15573,14300
15573,99952
15573,18486
15573,7226
15573,166912
15573,90220
15573,601562
15573,99921
9904,457305
9904,197783
9904,145932
9904,24144
4199629,21816
4199629,100095
4199629,60677
4199629,69038
6803715,6175796
6803715,2670955
6803715,1369930
6803715,141433
6803715,2672225
6803715,6404
1481886,1832
1481886,2596
1481886,438677
1481886,2324165
1481886,1186
1481886,3095
69058,2424579
69058,7400834
69058,84652
69058,10834
69058,28272
8057143,741073
8057143,2006948
8057143,330206
8057143,1312
8057143,154063
8057143,485440
8057143,2266268
8057143,395943
8057143,69038
4764461,217
4764461,9308
4764461,6203
303225,477435
303225,175775
303225,76027
303225,61039
303225,144656
303225,185430
303225,53687
303225,94047
2318261,11318
2318261,2727
2318261,285564
2318261,9080
2773076,66533
2773076,230089
2773076,628153
2773076,679585
2773076,126594
2177376,82047
2177376,577212
2177376,578133
2177376,577659
2177376,576749
2177376,578048
2177376,73066
42538288,6908
42538288,9080
42538288,285564
4071534,7832
4071534,1312
4071534,299792
4071534,2563
19816586,8285581
19816586,13598476
19816586,25025831
19816586,828849
19816586,2563
19816586,12940
19816586,3308297
19816586,21816
19816586,66836
25391,8536
25391,297331
25391,37818
25391,52997
12981647,595387
12981647,69814
12981647,1124170
12981647,17310707
12981647,90439
12981647,8045
23033,127703
23033,84606
23033,81740
23033,10365
23033,84056
23033,81035
23033,46717
23033,83397
26994,22923
26994,42533
26994,89565
26994,164551
26994,138969
26994,18236
736,26972
736,35597
736,3749
736,87939
736,89095
736,26300
736,89998
